method,family,latent_dim,m,image,per_pixel_error,psnr_db,measurement_residual,seconds_per_batch
lasso,lasso,,10,0,0.14465429834122942,8.39668656947611,3.1905996071179032,0.1141529000014998
lasso,lasso,,10,1,0.18200075302349092,7.399268151288246,7.401807202317618,0.1141529000014998
lasso,lasso,,10,2,0.11374756417342045,9.440578946916766,0.9089335821443572,0.1141529000014998
lasso,lasso,,10,3,0.18788961443253682,7.260972247919387,7.131241322797817,0.1141529000014998
lasso,lasso,,10,4,0.2979835052099553,5.258077755028129,9.035580674979515,0.1141529000014998
lasso,lasso,,10,5,0.13293393071601323,8.763641534294536,3.816605484978276,0.1141529000014998
lasso,lasso,,10,6,0.13748873537928322,8.61732882655704,3.3263676197028085,0.1141529000014998
lasso,lasso,,10,7,0.06875828862310042,11.62674941333348,4.834635721921844,0.1141529000014998
lasso,lasso,,10,8,0.17284000655079657,7.623557259006435,6.2254566941644045,0.1141529000014998
lasso,lasso,,10,9,0.10118199073444993,9.94896780190533,3.626741837325112,0.1141529000014998
vae-20,vae,20.0,10,0,0.09398948185637651,10.269207445632965,0.3524007201194763,11.015714200038929
vae-20,vae,20.0,10,1,0.07839935368104854,11.05687517595041,1.3144422769546509,11.015714200038929
vae-20,vae,20.0,10,2,0.08106028720233165,10.911918618555292,0.45733359456062317,11.015714200038929
vae-20,vae,20.0,10,3,0.03786527363433863,14.217589003881884,1.7982321977615356,11.015714200038929
vae-20,vae,20.0,10,4,0.07144811666267492,11.460092145117482,0.926541268825531,11.015714200038929
vae-20,vae,20.0,10,5,0.12151559995068077,9.15367964554552,0.9253741502761841,11.015714200038929
vae-20,vae,20.0,10,6,0.020170023186281093,16.95293602547366,0.588426947593689,11.015714200038929
vae-20,vae,20.0,10,7,0.020830151405844686,16.813075733319515,0.4964407682418823,11.015714200038929
vae-20,vae,20.0,10,8,0.04478646840815395,13.488531820590111,1.721011757850647,11.015714200038929
vae-20,vae,20.0,10,9,0.06481829451866758,11.883024001917429,0.6506112813949585,11.015714200038929
vae-30,vae,30.0,10,0,0.1080529759817007,9.66363267331111,0.20848830044269562,13.993213100009598
vae-30,vae,30.0,10,1,0.08748883467884909,10.580473680836104,0.9837037920951843,13.993213100009598
vae-30,vae,30.0,10,2,0.10653259565806088,9.725174912999499,0.37716561555862427,13.993213100009598
vae-30,vae,30.0,10,3,0.016095836532418088,17.93286447249744,0.9174414277076721,13.993213100009598
vae-30,vae,30.0,10,4,0.10944669162830134,9.607973618191068,0.8417747020721436,13.993213100009598
vae-30,vae,30.0,10,5,0.12670222045606266,8.972157740402736,0.45873400568962097,13.993213100009598
vae-30,vae,30.0,10,6,0.10611908057322855,9.742065214460517,0.14128747582435608,13.993213100009598
vae-30,vae,30.0,10,7,0.01137810817451084,19.439299416027158,0.09300237894058228,13.993213100009598
vae-30,vae,30.0,10,8,0.028578344706128977,15.43962929702259,0.5139116644859314,13.993213100009598
vae-30,vae,30.0,10,9,0.0658192931310352,11.816467861397811,0.18275243043899536,13.993213100009598
fcvae-20,fcvae,20.0,10,0,0.04100261186593777,13.871884778452541,0.09610150009393692,4.751328899990767
fcvae-20,fcvae,20.0,10,1,0.09263565522745199,10.33221822301783,0.48200979828834534,4.751328899990767
fcvae-20,fcvae,20.0,10,2,0.08845457107111995,10.532797191175312,0.1652219146490097,4.751328899990767
fcvae-20,fcvae,20.0,10,3,0.012650080447623393,18.979067126029594,0.5152589678764343,4.751328899990767
fcvae-20,fcvae,20.0,10,4,0.06842627632638142,11.647770931310657,0.41964346170425415,4.751328899990767
fcvae-20,fcvae,20.0,10,5,0.12199697864354858,9.136509248554397,0.2767072021961212,4.751328899990767
fcvae-20,fcvae,20.0,10,6,0.05643727003596352,12.484340019515539,0.5434849262237549,4.751328899990767
fcvae-20,fcvae,20.0,10,7,0.014272639816886973,18.454956938875736,0.17451418936252594,4.751328899990767
fcvae-20,fcvae,20.0,10,8,0.06659240501805898,11.765753000614936,0.3120768666267395,4.751328899990767
fcvae-20,fcvae,20.0,10,9,0.04614502764215936,13.358750895224631,0.22605149447917938,4.751328899990767
dcgan-20,dcgan,20.0,10,0,0.0900221662075978,10.456505408233634,1.4354547262191772,487.2625826000003
dcgan-20,dcgan,20.0,10,1,0.09870894095440644,10.056435076009109,2.3417088985443115,487.2625826000003
dcgan-20,dcgan,20.0,10,2,0.1455387029163345,8.370214999572955,1.1377817392349243,487.2625826000003
dcgan-20,dcgan,20.0,10,3,0.035244075025177915,14.529138829321827,2.3227217197418213,487.2625826000003
dcgan-20,dcgan,20.0,10,4,0.052951218384558775,12.761240425139457,1.2591147422790527,487.2625826000003
dcgan-20,dcgan,20.0,10,5,0.15559824203030953,8.079953140355897,0.5669407844543457,487.2625826000003
dcgan-20,dcgan,20.0,10,6,0.10309993212573237,9.867416206275369,1.3328176736831665,487.2625826000003
dcgan-20,dcgan,20.0,10,7,0.08233542984627806,10.844132428477183,0.4341815412044525,487.2625826000003
dcgan-20,dcgan,20.0,10,8,0.13484710645113357,8.701583682009923,0.20024453103542328,487.2625826000003
dcgan-20,dcgan,20.0,10,9,0.12244158487520816,9.120710575612863,0.7241332530975342,487.2625826000003
dcgan-30,dcgan,30.0,10,0,0.1014625988620996,9.936940178611726,0.8236512541770935,493.8278753000195
dcgan-30,dcgan,30.0,10,1,0.08169460510067766,10.878066221991194,1.292733073234558,493.8278753000195
dcgan-30,dcgan,30.0,10,2,0.13469059062321997,8.706627426819743,1.0036414861679077,493.8278753000195
dcgan-30,dcgan,30.0,10,3,0.06500373021720585,11.870617207992066,2.4176974296569824,493.8278753000195
dcgan-30,dcgan,30.0,10,4,0.10970525925711663,9.597725519002674,5.544007301330566,493.8278753000195
dcgan-30,dcgan,30.0,10,5,0.1503780703688347,8.22815492282993,0.6602544784545898,493.8278753000195
dcgan-30,dcgan,30.0,10,6,0.03518315503784778,14.53665217917533,0.8606764078140259,493.8278753000195
dcgan-30,dcgan,30.0,10,7,0.0351664610702464,14.53871334128183,0.6175703406333923,493.8278753000195
dcgan-30,dcgan,30.0,10,8,0.0896959411760726,10.472272087364713,0.500669538974762,493.8278753000195
dcgan-30,dcgan,30.0,10,9,0.030179844035049003,15.202830089240011,1.379784107208252,493.8278753000195
lasso,lasso,,25,0,0.12298680718398494,9.10141472906057,4.852621800219946,1.5984554999740794
lasso,lasso,,25,1,0.11536085238855491,9.379415436589891,2.8346761173006874,1.5984554999740794
lasso,lasso,,25,2,0.08085710392008445,10.922818179621617,3.4221261834044907,1.5984554999740794
lasso,lasso,,25,3,0.10749154755664075,9.686256845282058,1.6692732341970469,1.5984554999740794
lasso,lasso,,25,4,0.16615278529729888,7.79492374041554,3.088922856247346,1.5984554999740794
lasso,lasso,,25,5,0.10778415493684197,9.674450789385201,3.348838804769302,1.5984554999740794
lasso,lasso,,25,6,0.0929116852931805,10.319296623335102,2.259793218631449,1.5984554999740794
lasso,lasso,,25,7,0.05518112791914604,12.582094266539556,1.8521415149473999,1.5984554999740794
lasso,lasso,,25,8,0.10873558338260826,9.636283111312206,3.5328745293779664,1.5984554999740794
lasso,lasso,,25,9,0.09136335444835635,10.392279634801582,2.8970141417624973,1.5984554999740794
vae-20,vae,20.0,25,0,0.01335914799795525,18.742212388354485,2.317870616912842,13.79970420000609
vae-20,vae,20.0,25,1,0.05670954877639337,12.463438082721405,2.306321620941162,13.79970420000609
vae-20,vae,20.0,25,2,0.017036946907962938,17.686082299815503,1.9676430225372314,13.79970420000609
vae-20,vae,20.0,25,3,0.028587753311607726,15.438199741527146,1.8882553577423096,13.79970420000609
vae-20,vae,20.0,25,4,0.14677761504793502,8.333401733194286,5.123825550079346,13.79970420000609
vae-20,vae,20.0,25,5,0.024187289534279267,16.164127966343806,1.8755732774734497,13.79970420000609
vae-20,vae,20.0,25,6,0.0089651642374333,20.474417499659747,1.3839666843414307,13.79970420000609
vae-20,vae,20.0,25,7,0.03636182716266961,14.39354301832703,2.278352975845337,13.79970420000609
vae-20,vae,20.0,25,8,0.018827721186131824,17.25202241649749,1.7648899555206299,13.79970420000609
vae-20,vae,20.0,25,9,0.021311336407840824,16.713893153560683,2.2766172885894775,13.79970420000609
vae-30,vae,30.0,25,0,0.011283617665864762,19.475516379029077,1.5503264665603638,15.659763300034683
vae-30,vae,30.0,25,1,0.023238901978886423,16.3378439589342,2.1663925647735596,15.659763300034683
vae-30,vae,30.0,25,2,0.009140080496720365,20.3904997941633,1.772365927696228,15.659763300034683
vae-30,vae,30.0,25,3,0.004962540227719975,23.042959597036912,1.2362720966339111,15.659763300034683
vae-30,vae,30.0,25,4,0.061167140181644174,12.134818241019222,3.449777841567993,15.659763300034683
vae-30,vae,30.0,25,5,0.020891129653453605,16.80038075625394,1.8792479038238525,15.659763300034683
vae-30,vae,30.0,25,6,0.04848816085941617,13.143642882242276,1.8361767530441284,15.659763300034683
vae-30,vae,30.0,25,7,0.0023529197495778583,26.283928849403615,0.6448947191238403,15.659763300034683
vae-30,vae,30.0,25,8,0.02930973927570994,15.329880448036011,1.9863635301589966,15.659763300034683
vae-30,vae,30.0,25,9,0.014580924443951346,18.36214940477612,1.6214203834533691,15.659763300034683
fcvae-20,fcvae,20.0,25,0,0.012183688260222699,19.142212216711197,1.725865125656128,6.025329500029329
fcvae-20,fcvae,20.0,25,1,0.022301796198907892,16.516601572272094,1.7267816066741943,6.025329500029329
fcvae-20,fcvae,20.0,25,2,0.04231070119539132,13.735497772504639,1.3465913534164429,6.025329500029329
fcvae-20,fcvae,20.0,25,3,0.012004621236781522,19.20651538011846,1.32234525680542,6.025329500029329
fcvae-20,fcvae,20.0,25,4,0.08041954458951053,10.946383906066789,2.9042418003082275,6.025329500029329
fcvae-20,fcvae,20.0,25,5,0.07265860278587322,11.387129578113115,2.2284510135650635,6.025329500029329
fcvae-20,fcvae,20.0,25,6,0.009908740571993327,20.039815420225352,1.3252755403518677,6.025329500029329
fcvae-20,fcvae,20.0,25,7,0.0011724635685928643,29.309006430307033,0.8270202875137329,6.025329500029329
fcvae-20,fcvae,20.0,25,8,0.018554713916491317,17.315457373780923,1.561994194984436,6.025329500029329
fcvae-20,fcvae,20.0,25,9,0.019071749341754964,17.196094697947245,1.4677448272705078,6.025329500029329
dcgan-20,dcgan,20.0,25,0,0.026486541481860186,15.769747466255065,1.3838931322097778,493.0676812999882
dcgan-20,dcgan,20.0,25,1,0.0934805601205796,10.292786940488721,2.0419578552246094,493.0676812999882
dcgan-20,dcgan,20.0,25,2,0.025079464905583774,16.006817338314075,1.8503164052963257,493.0676812999882
dcgan-20,dcgan,20.0,25,3,0.019488863132843637,17.102134943627895,1.6672288179397583,493.0676812999882
dcgan-20,dcgan,20.0,25,4,0.08013967438951033,10.96152426454432,3.7930848598480225,493.0676812999882
dcgan-20,dcgan,20.0,25,5,0.08849010930734577,10.531052684353861,3.3080086708068848,493.0676812999882
dcgan-20,dcgan,20.0,25,6,0.1468822640082882,8.330306419793747,4.116058349609375,493.0676812999882
dcgan-20,dcgan,20.0,25,7,0.06235068281469092,12.051587861144093,2.486381769180298,493.0676812999882
dcgan-20,dcgan,20.0,25,8,0.047528765921889406,13.230434619575366,3.7019155025482178,493.0676812999882
dcgan-20,dcgan,20.0,25,9,0.028765103476667626,15.411340593487227,2.320880651473999,493.0676812999882
dcgan-30,dcgan,30.0,25,0,0.05204520016201881,12.836193168598655,3.096233606338501,494.01475090003805
dcgan-30,dcgan,30.0,25,1,0.06558528209551188,11.831936091281518,2.809246063232422,494.01475090003805
dcgan-30,dcgan,30.0,25,2,0.02790877508361631,15.542592242817108,2.1128485202789307,494.01475090003805
dcgan-30,dcgan,30.0,25,3,0.027700719409022693,15.575089518268273,2.254042863845825,494.01475090003805
dcgan-30,dcgan,30.0,25,4,0.08190829399619966,10.866721195533058,4.072487831115723,494.01475090003805
dcgan-30,dcgan,30.0,25,5,0.09310347852367445,10.310340926447019,4.035928726196289,494.01475090003805
dcgan-30,dcgan,30.0,25,6,0.038293905474186124,14.168703390742488,2.69010066986084,494.01475090003805
dcgan-30,dcgan,30.0,25,7,0.004475464607871147,23.491618729378153,1.3042819499969482,494.01475090003805
dcgan-30,dcgan,30.0,25,8,0.049262621842509416,13.07482477973302,2.9881787300109863,494.01475090003805
dcgan-30,dcgan,30.0,25,9,0.024922138914614506,16.034146875766123,2.538365125656128,494.01475090003805
lasso,lasso,,50,0,0.08369348664818689,10.77308339173036,1.6561324756140605,1.2207837000023574
lasso,lasso,,50,1,0.08954284396650461,10.479691161247294,2.507479938405043,1.2207837000023574
lasso,lasso,,50,2,0.07312370621620669,11.359418048500423,3.0747412021741733,1.2207837000023574
lasso,lasso,,50,3,0.0794818153667461,10.997322221515933,2.1736980354539104,1.2207837000023574
lasso,lasso,,50,4,0.1358884662200588,8.66817403234793,2.121191914454556,1.2207837000023574
lasso,lasso,,50,5,0.09693645028126442,10.135128877645407,1.0908579441878095,1.2207837000023574
lasso,lasso,,50,6,0.08442597222068449,10.735239294767105,1.6073274725889863,1.2207837000023574
lasso,lasso,,50,7,0.04727273168171238,13.253893010180875,2.3738728477692304,1.2207837000023574
lasso,lasso,,50,8,0.07886764027016885,11.031011531257388,2.0034334213920424,1.2207837000023574
lasso,lasso,,50,9,0.0804836552230747,10.942923080440687,1.3543895365179985,1.2207837000023574
vae-20,vae,20.0,50,0,0.01078698332593869,19.67099992580795,2.258333444595337,14.196930400037672
vae-20,vae,20.0,50,1,0.013146358278762128,18.81194536031835,2.5811662673950195,14.196930400037672
vae-20,vae,20.0,50,2,0.008836516421370079,20.537189111349612,1.9840668439865112,14.196930400037672
vae-20,vae,20.0,50,3,0.008511182314646717,20.700101065357117,1.9471700191497803,14.196930400037672
vae-20,vae,20.0,50,4,0.038119814748714884,14.188492185742774,4.302863121032715,14.196930400037672
vae-20,vae,20.0,50,5,0.020362830890099128,16.911618454666588,3.7097272872924805,14.196930400037672
vae-20,vae,20.0,50,6,0.00720592654588456,21.423101692020154,1.8218624591827393,14.196930400037672
vae-20,vae,20.0,50,7,0.001398929923512135,28.5420404004301,0.8220046162605286,14.196930400037672
vae-20,vae,20.0,50,8,0.012775639530203529,18.936173504898022,2.6163880825042725,14.196930400037672
vae-20,vae,20.0,50,9,0.00938680325061379,20.274822849431608,2.135531425476074,14.196930400037672
vae-30,vae,30.0,50,0,0.008950124503077363,20.481709232736527,1.9282892942428589,15.833948099985719
vae-30,vae,30.0,50,1,0.010625802423074274,19.7363826365368,1.9555565118789673,15.833948099985719
vae-30,vae,30.0,50,2,0.006762075756543551,21.699199680771212,1.7559113502502441,15.833948099985719
vae-30,vae,30.0,50,3,0.004178793394947468,23.78949100417114,1.5773662328720093,15.833948099985719
vae-30,vae,30.0,50,4,0.028176923752270305,15.501064232330798,3.1059017181396484,15.833948099985719
vae-30,vae,30.0,50,5,0.08669346301315231,10.620136485946997,4.290750026702881,15.833948099985719
vae-30,vae,30.0,50,6,0.009589603672904576,20.181993413410503,1.6681523323059082,15.833948099985719
vae-30,vae,30.0,50,7,0.0011890349066354053,29.248053955607762,0.7135907411575317,15.833948099985719
vae-30,vae,30.0,50,8,0.01204213925528983,19.192963549187507,2.309762954711914,15.833948099985719
vae-30,vae,30.0,50,9,0.008962932121190252,20.475498925989616,1.7554517984390259,15.833948099985719
fcvae-20,fcvae,20.0,50,0,0.01029676101559823,19.87299366971858,1.718686580657959,6.344436899991706
fcvae-20,fcvae,20.0,50,1,0.012090123505561861,19.17569262620615,1.599995493888855,6.344436899991706
fcvae-20,fcvae,20.0,50,2,0.006596628581761994,21.806779678571303,1.6565598249435425,6.344436899991706
fcvae-20,fcvae,20.0,50,3,0.0041371720080618036,23.832964223969352,1.4204760789871216,6.344436899991706
fcvae-20,fcvae,20.0,50,4,0.015182461519959995,18.1865781092598,2.685225009918213,6.344436899991706
fcvae-20,fcvae,20.0,50,5,0.034804345655275355,14.583665268500258,3.000607967376709,6.344436899991706
fcvae-20,fcvae,20.0,50,6,0.009396560768172878,20.27031073284809,1.4574130773544312,6.344436899991706
fcvae-20,fcvae,20.0,50,7,0.0014321648728487044,28.44006982554204,0.8178224563598633,6.344436899991706
fcvae-20,fcvae,20.0,50,8,0.006325949636273928,21.988742700199467,1.9833931922912598,6.344436899991706
fcvae-20,fcvae,20.0,50,9,0.009941422749911518,20.02551457834148,1.9108500480651855,6.344436899991706
dcgan-20,dcgan,20.0,50,0,0.04376789266851161,13.58844363244531,3.3867928981781006,493.2287779999897
dcgan-20,dcgan,20.0,50,1,0.06453537409368588,11.902021681169174,4.318161964416504,493.2287779999897
dcgan-20,dcgan,20.0,50,2,0.027379815324205057,15.625694854916258,2.4766199588775635,493.2287779999897
dcgan-20,dcgan,20.0,50,3,0.011235058941515441,19.494246448373968,1.944904088973999,493.2287779999897
dcgan-20,dcgan,20.0,50,4,0.03481978673880283,14.581738931395595,3.153801202774048,493.2287779999897
dcgan-20,dcgan,20.0,50,5,0.10333328031464697,9.857597837150236,5.405004978179932,493.2287779999897
dcgan-20,dcgan,20.0,50,6,0.09999286071775457,10.000310066156775,3.9602010250091553,493.2287779999897
dcgan-20,dcgan,20.0,50,7,0.004355246035706994,23.60987305884398,1.1521707773208618,493.2287779999897
dcgan-20,dcgan,20.0,50,8,0.0332417206238624,14.78316504800407,3.165187120437622,493.2287779999897
dcgan-20,dcgan,20.0,50,9,0.007457018054616905,21.274348054126335,1.7813109159469604,493.2287779999897
dcgan-30,dcgan,30.0,50,0,0.030780909313500228,15.117185546149265,3.630234479904175,495.32974369998556
dcgan-30,dcgan,30.0,50,1,0.048188410033709606,13.170574029160125,4.666682720184326,495.32974369998556
dcgan-30,dcgan,30.0,50,2,0.01672834304017562,17.76547074228656,2.4529781341552734,495.32974369998556
dcgan-30,dcgan,30.0,50,3,0.02508907218585502,16.00515398948997,3.316978693008423,495.32974369998556
dcgan-30,dcgan,30.0,50,4,0.04576727251282986,13.394449684536855,3.943181276321411,495.32974369998556
dcgan-30,dcgan,30.0,50,5,0.10399928675195536,9.829696391699908,5.022525787353516,495.32974369998556
dcgan-30,dcgan,30.0,50,6,0.017304527442191468,17.61840256066521,2.428943634033203,495.32974369998556
dcgan-30,dcgan,30.0,50,7,0.00414978897931567,23.819739870105224,1.1741217374801636,495.32974369998556
dcgan-30,dcgan,30.0,50,8,0.04069391769435685,13.904704976341083,4.413163185119629,495.32974369998556
dcgan-30,dcgan,30.0,50,9,0.013834217587248506,18.590453979360554,2.288184404373169,495.32974369998556
lasso,lasso,,75,0,0.0858794150191897,10.66110922489203,2.976027215985908,1.349173399969004
lasso,lasso,,75,1,0.06755105110423959,11.703678889036881,3.1707452461211934,1.349173399969004
lasso,lasso,,75,2,0.07827032563425704,11.064028593465054,1.8571247975403238,1.349173399969004
lasso,lasso,,75,3,0.059690313527210756,12.240961399426372,2.3447311330322647,1.349173399969004
lasso,lasso,,75,4,0.11684228335432091,9.323999645494613,2.2824628176017336,1.349173399969004
lasso,lasso,,75,5,0.07600931703193256,11.191331697251158,2.847980033220173,1.349173399969004
lasso,lasso,,75,6,0.06348872371040049,11.973034032942358,2.656155744850057,1.349173399969004
lasso,lasso,,75,7,0.03614594142251582,14.419404595522478,1.928120240860577,1.349173399969004
lasso,lasso,,75,8,0.06550657983909404,11.837150749045577,3.8726325864853965,1.349173399969004
lasso,lasso,,75,9,0.05731473285884067,12.417337274764764,2.3550321866736805,1.349173399969004
vae-20,vae,20.0,75,0,0.00995058996425065,20.021511694429257,2.553734540939331,14.525659299979452
vae-20,vae,20.0,75,1,0.015577391591832962,18.075052624601412,3.003142833709717,14.525659299979452
vae-20,vae,20.0,75,2,0.008078637700239253,20.926618680806143,2.4299535751342773,14.525659299979452
vae-20,vae,20.0,75,3,0.00711792500209815,21.476465922448618,1.9953923225402832,14.525659299979452
vae-20,vae,20.0,75,4,0.021669826950790654,16.641445568212433,3.7731564044952393,14.525659299979452
vae-20,vae,20.0,75,5,0.020213478291606208,16.943589475993456,3.2769265174865723,14.525659299979452
vae-20,vae,20.0,75,6,0.006686723954375759,21.74786605253205,2.1519532203674316,14.525659299979452
vae-20,vae,20.0,75,7,0.0012453695447341598,29.047017590703955,0.7114545106887817,14.525659299979452
vae-20,vae,20.0,75,8,0.01191935917809715,19.237470929932186,3.254148483276367,14.525659299979452
vae-20,vae,20.0,75,9,0.008774225009913528,20.567912325580608,2.430833339691162,14.525659299979452
vae-30,vae,30.0,75,0,0.007761701736244978,21.1004305018036,2.0772368907928467,16.196264200028963
vae-30,vae,30.0,75,1,0.010770278389221542,19.677730709508413,2.348785638809204,16.196264200028963
vae-30,vae,30.0,75,2,0.007161635296943406,21.449877990121745,1.9820177555084229,16.196264200028963
vae-30,vae,30.0,75,3,0.004163885732328781,23.80501197149012,1.416657567024231,16.196264200028963
vae-30,vae,30.0,75,4,0.01692478729566238,17.714767806576234,2.873572826385498,16.196264200028963
vae-30,vae,30.0,75,5,0.021683463333599336,16.638713500605387,3.0758326053619385,16.196264200028963
vae-30,vae,30.0,75,6,0.006968324812420679,21.56871613891006,2.02274751663208,16.196264200028963
vae-30,vae,30.0,75,7,0.0011358983597307517,29.446605275888388,0.7802285552024841,16.196264200028963
vae-30,vae,30.0,75,8,0.010334731277460745,19.85700811366951,2.9405972957611084,16.196264200028963
vae-30,vae,30.0,75,9,0.007297332934798933,21.368358389676256,2.0483717918395996,16.196264200028963
fcvae-20,fcvae,20.0,75,0,0.006493854497063935,21.874974465123223,2.09132981300354,5.797968700004276
fcvae-20,fcvae,20.0,75,1,0.00808636147207522,20.922468489757748,2.0884459018707275,5.797968700004276
fcvae-20,fcvae,20.0,75,2,0.006095460462435088,22.14993481392408,1.8607240915298462,5.797968700004276
fcvae-20,fcvae,20.0,75,3,0.004873276618855481,23.121789363238328,1.4922012090682983,5.797968700004276
fcvae-20,fcvae,20.0,75,4,0.01498771000604188,18.242647185669114,2.562201738357544,5.797968700004276
fcvae-20,fcvae,20.0,75,5,0.018080838875288066,17.42781423945996,2.581702947616577,5.797968700004276
fcvae-20,fcvae,20.0,75,6,0.0048037954450002515,23.18415493983336,1.6518189907073975,5.797968700004276
fcvae-20,fcvae,20.0,75,7,0.0013623955175955133,28.656967939112338,0.8558518886566162,5.797968700004276
fcvae-20,fcvae,20.0,75,8,0.006318793200314576,21.993658578710008,2.2783024311065674,5.797968700004276
fcvae-20,fcvae,20.0,75,9,0.008201069329409833,20.861295166913898,2.2087082862854004,5.797968700004276
dcgan-20,dcgan,20.0,75,0,0.009981951010031593,20.007845659190203,2.097670793533325,491.03175930003636
dcgan-20,dcgan,20.0,75,1,0.01924413247644463,17.157016620796558,3.109070062637329,491.03175930003636
dcgan-20,dcgan,20.0,75,2,0.02084536015688305,16.809905969255134,2.7240850925445557,491.03175930003636
dcgan-20,dcgan,20.0,75,3,0.00906710816113,20.425312035596086,1.9585639238357544,491.03175930003636
dcgan-20,dcgan,20.0,75,4,0.031364052622202876,15.035678261615095,3.389763593673706,491.03175930003636
dcgan-20,dcgan,20.0,75,5,0.12123568799717012,9.163695186285448,5.907393932342529,491.03175930003636
dcgan-20,dcgan,20.0,75,6,0.008511672584782188,20.69985090565618,2.0746750831604004,491.03175930003636
dcgan-20,dcgan,20.0,75,7,0.003774676027228028,24.231203170480278,1.190564751625061,491.03175930003636
dcgan-20,dcgan,20.0,75,8,0.018361788996300227,17.36085007591706,2.964698076248169,491.03175930003636
dcgan-20,dcgan,20.0,75,9,0.0051843409484235055,22.85306444801457,1.6187481880187988,491.03175930003636
dcgan-30,dcgan,30.0,75,0,0.03020401854835963,15.199352717026562,3.3660671710968018,493.54834129998926
dcgan-30,dcgan,30.0,75,1,0.04907886414436101,13.091054969137478,5.000606060028076,493.54834129998926
dcgan-30,dcgan,30.0,75,2,0.02133383734999827,16.70931020310588,2.3540802001953125,493.54834129998926
dcgan-30,dcgan,30.0,75,3,0.0310459544414142,15.079949841585414,3.4156651496887207,493.54834129998926
dcgan-30,dcgan,30.0,75,4,0.039890573350050355,13.99129721499797,4.565895080566406,493.54834129998926
dcgan-30,dcgan,30.0,75,5,0.09447244166417529,10.246948600478934,6.109461307525635,493.54834129998926
dcgan-30,dcgan,30.0,75,6,0.012107836956527231,19.169334358619203,2.6135900020599365,493.54834129998926
dcgan-30,dcgan,30.0,75,7,0.003913222153132691,24.07465496555993,1.3710474967956543,493.54834129998926
dcgan-30,dcgan,30.0,75,8,0.023792205873495443,16.23565290864143,4.097114562988281,493.54834129998926
dcgan-30,dcgan,30.0,75,9,0.013360643521089018,18.741726233778937,3.1028101444244385,493.54834129998926
lasso,lasso,,100,0,0.053479184036283905,12.71815227648698,2.63028599293368,1.2125500999973156
lasso,lasso,,100,1,0.06176735894620846,12.09240967864336,2.266992394884184,1.2125500999973156
lasso,lasso,,100,2,0.05392629717139333,12.681993993528621,2.7141371640933065,1.2125500999973156
lasso,lasso,,100,3,0.04858095658066181,13.13533937995013,2.866851070542716,1.2125500999973156
lasso,lasso,,100,4,0.07360340530466185,11.331020923090758,2.8127156936014863,1.2125500999973156
lasso,lasso,,100,5,0.08524724773182171,10.693196336161428,2.0193463782952636,1.2125500999973156
lasso,lasso,,100,6,0.04924429237767223,13.076440988217453,3.147371897311033,1.2125500999973156
lasso,lasso,,100,7,0.0381871660620503,14.180825702017296,2.3601543048727227,1.2125500999973156
lasso,lasso,,100,8,0.05536409216817822,12.567718170271437,3.388461445957332,1.2125500999973156
lasso,lasso,,100,9,0.040631281513392924,13.911394797799614,3.334495649584072,1.2125500999973156
vae-20,vae,20.0,100,0,0.009117218978865126,20.40137614118823,2.542565107345581,14.37170389998937
vae-20,vae,20.0,100,1,0.011670436706335698,19.329128924033657,2.42608904838562,14.37170389998937
vae-20,vae,20.0,100,2,0.008179145445742348,20.872920688941512,2.1373727321624756,14.37170389998937
vae-20,vae,20.0,100,3,0.007555375440936495,21.217439498721756,2.190373182296753,14.37170389998937
vae-20,vae,20.0,100,4,0.021246290701693288,16.727168805972283,3.648411989212036,14.37170389998937
vae-20,vae,20.0,100,5,0.0198591994836946,17.02038261722865,2.9431095123291016,14.37170389998937
vae-20,vae,20.0,100,6,0.006687368937072517,21.74744716441961,2.3599793910980225,14.37170389998937
vae-20,vae,20.0,100,7,0.0012724150333528281,28.95371208423831,0.9094253778457642,14.37170389998937
vae-20,vae,20.0,100,8,0.012215282821758357,19.130964733072386,3.0268006324768066,14.37170389998937
vae-20,vae,20.0,100,9,0.007746524980157338,21.108930743187393,2.199784755706787,14.37170389998937
vae-30,vae,30.0,100,0,0.006648121243581656,21.773010688060257,2.008305788040161,16.477180399990175
vae-30,vae,30.0,100,1,0.008589322341593203,20.66041098673528,2.195725202560425,16.477180399990175
vae-30,vae,30.0,100,2,0.006317577586403775,21.994494157887168,1.8968400955200195,16.477180399990175
vae-30,vae,30.0,100,3,0.00390009560512594,24.08924746750495,1.6711317300796509,16.477180399990175
vae-30,vae,30.0,100,4,0.014663718251604122,18.33755892491362,3.027545690536499,16.477180399990175
vae-30,vae,30.0,100,5,0.014260627040136366,18.45861378124819,2.320974349975586,16.477180399990175
vae-30,vae,30.0,100,6,0.006841618072597585,21.64841173587527,2.3071699142456055,16.477180399990175
vae-30,vae,30.0,100,7,0.0011862048574864754,29.258403018713462,0.831566333770752,16.477180399990175
vae-30,vae,30.0,100,8,0.01054978076708031,19.767565652607487,2.8470618724823,16.477180399990175
vae-30,vae,30.0,100,9,0.006685090276269908,21.748927235970392,1.8889493942260742,16.477180399990175
fcvae-20,fcvae,20.0,100,0,0.007309961939944127,21.3608488423438,1.817613959312439,6.529641500033904
fcvae-20,fcvae,20.0,100,1,0.008815731372120883,20.547416518615073,1.9482200145721436,6.529641500033904
fcvae-20,fcvae,20.0,100,2,0.005764598828390018,22.39230910863434,1.833574652671814,6.529641500033904
fcvae-20,fcvae,20.0,100,3,0.004403314179846048,23.562203261903573,1.6873143911361694,6.529641500033904
fcvae-20,fcvae,20.0,100,4,0.01301938212818553,18.854096259588275,2.4952094554901123,6.529641500033904
fcvae-20,fcvae,20.0,100,5,0.01574403664719211,18.028839080098635,2.3501806259155273,6.529641500033904
fcvae-20,fcvae,20.0,100,6,0.005149503306354648,22.882346586699196,1.805843472480774,6.529641500033904
fcvae-20,fcvae,20.0,100,7,0.0013275768521887686,28.769403286152926,0.9137120246887207,6.529641500033904
fcvae-20,fcvae,20.0,100,8,0.007326439356156475,21.35107040867634,1.9482656717300415,6.529641500033904
fcvae-20,fcvae,20.0,100,9,0.007012503424083838,21.541269136772648,1.9094669818878174,6.529641500033904
dcgan-20,dcgan,20.0,100,0,0.008887329898339895,20.51228698489385,2.2275354862213135,497.386736400018
dcgan-20,dcgan,20.0,100,1,0.016467590621395425,17.833699379508975,2.685574769973755,497.386736400018
dcgan-20,dcgan,20.0,100,2,0.010409362505491293,19.825758669183784,2.5711426734924316,497.386736400018
dcgan-20,dcgan,20.0,100,3,0.010411647992640015,19.82480523374776,2.3362326622009277,497.386736400018
dcgan-20,dcgan,20.0,100,4,0.027423445104937477,15.618779873262433,3.7904090881347656,497.386736400018
dcgan-20,dcgan,20.0,100,5,0.03898152690794486,14.09141153553254,3.8745672702789307,497.386736400018
dcgan-20,dcgan,20.0,100,6,0.008168914287015374,20.878356607859526,2.171919584274292,497.386736400018
dcgan-20,dcgan,20.0,100,7,0.00225835170972398,26.462084212694915,1.3183573484420776,497.386736400018
dcgan-20,dcgan,20.0,100,8,0.00978997948885413,20.09218218093369,2.6140425205230713,497.386736400018
dcgan-20,dcgan,20.0,100,9,0.0046372212305305196,23.337421844779836,1.7693902254104614,497.386736400018
dcgan-30,dcgan,30.0,100,0,0.0336897922289633,14.725016673831712,4.090539455413818,501.0094514999655
dcgan-30,dcgan,30.0,100,1,0.03959320633076794,14.023793268566644,4.826379299163818,501.0094514999655
dcgan-30,dcgan,30.0,100,2,0.013221627740907101,18.787150747008294,2.494352340698242,501.0094514999655
dcgan-30,dcgan,30.0,100,3,0.023603570414133815,16.27022298136959,3.168264389038086,501.0094514999655
dcgan-30,dcgan,30.0,100,4,0.03383360993150205,14.706516619906076,4.482003688812256,501.0094514999655
dcgan-30,dcgan,30.0,100,5,0.09405272546049309,10.266286149429199,5.670660972595215,501.0094514999655
dcgan-30,dcgan,30.0,100,6,0.014274021382040546,18.45453657018962,3.0774269104003906,501.0094514999655
dcgan-30,dcgan,30.0,100,7,0.0030610841808987694,25.141247269864238,1.5598087310791016,501.0094514999655
dcgan-30,dcgan,30.0,100,8,0.02581835982225996,15.880713508677143,3.9414308071136475,501.0094514999655
dcgan-30,dcgan,30.0,100,9,0.010176345599706772,19.924081523347215,2.6434671878814697,501.0094514999655
lasso,lasso,,200,0,0.03693364492134953,14.325778304179035,2.332773886660261,1.24261330004083
lasso,lasso,,200,1,0.04037454838753757,13.938923224663471,2.796932463658133,1.24261330004083
lasso,lasso,,200,2,0.04231319345481607,13.73524196425558,2.6966653950183384,1.24261330004083
lasso,lasso,,200,3,0.026974736222585644,15.69042793452674,2.1236520638112735,1.24261330004083
lasso,lasso,,200,4,0.061026818627260455,12.144792695426421,2.663712542467869,1.24261330004083
lasso,lasso,,200,5,0.05521985399576796,12.579047459929551,2.814571633132794,1.24261330004083
lasso,lasso,,200,6,0.03359134949774554,14.73772548475945,2.5666722560012607,1.24261330004083
lasso,lasso,,200,7,0.010739443974173311,19.69018203291901,1.515036166887857,1.24261330004083
lasso,lasso,,200,8,0.03623471241510438,14.4087518120727,2.466760261683484,1.24261330004083
lasso,lasso,,200,9,0.02282522013330396,16.41585025306558,2.2931658443289407,1.24261330004083
vae-20,vae,20.0,200,0,0.00947442837198284,20.234469831944523,2.7298636436462402,14.791438099986408
vae-20,vae,20.0,200,1,0.01025316553997851,19.891420307740503,2.592012882232666,14.791438099986408
vae-20,vae,20.0,200,2,0.007265579410318642,21.387297461739042,2.3146519660949707,14.791438099986408
vae-20,vae,20.0,200,3,0.006729260925274918,21.72032631719645,2.3319129943847656,14.791438099986408
vae-20,vae,20.0,200,4,0.01942260923170406,17.11692427424288,4.040538311004639,14.791438099986408
vae-20,vae,20.0,200,5,0.016990201474868984,17.698014711071146,3.1204493045806885,14.791438099986408
vae-20,vae,20.0,200,6,0.006427874060222622,21.919326408517822,2.310621500015259,14.791438099986408
vae-20,vae,20.0,200,7,0.0011295974890360037,29.47076281677381,0.8691132664680481,14.791438099986408
vae-20,vae,20.0,200,8,0.011816615208238276,19.275069064412108,2.7280354499816895,14.791438099986408
vae-20,vae,20.0,200,9,0.0076506760005274205,21.16300189640084,2.320086717605591,14.791438099986408
vae-30,vae,30.0,200,0,0.007078962288932623,21.50030401239746,2.2093985080718994,16.48146400001133
vae-30,vae,30.0,200,1,0.008041920788270172,20.94640208948426,2.21024227142334,16.48146400001133
vae-30,vae,30.0,200,2,0.005657036074247517,22.47411051806403,2.1453168392181396,16.48146400001133
vae-30,vae,30.0,200,3,0.003580678650525437,24.460346531757054,1.617199182510376,16.48146400001133
vae-30,vae,30.0,200,4,0.014823990642504163,18.290348678331206,3.4386942386627197,16.48146400001133
vae-30,vae,30.0,200,5,0.01285779307186535,18.908335678784766,2.5678951740264893,16.48146400001133
vae-30,vae,30.0,200,6,0.006689026475610212,21.74637085077616,2.2254550457000732,16.48146400001133
vae-30,vae,30.0,200,7,0.0009604686659032808,30.17516798888986,0.8497092127799988,16.48146400001133
vae-30,vae,30.0,200,8,0.011007560541680611,19.583089172383655,2.55334210395813,16.48146400001133
vae-30,vae,30.0,200,9,0.00644150485524887,21.910126615246675,2.0910427570343018,16.48146400001133
fcvae-20,fcvae,20.0,200,0,0.006565366593353616,21.82741018999396,2.0460891723632812,5.866342800029088
fcvae-20,fcvae,20.0,200,1,0.006888615073575666,21.618680823537595,2.0178253650665283,5.866342800029088
fcvae-20,fcvae,20.0,200,2,0.005167059955352877,22.86756499141807,2.065995693206787,5.866342800029088
fcvae-20,fcvae,20.0,200,3,0.0038363010063018773,24.160873242732038,1.6646466255187988,5.866342800029088
fcvae-20,fcvae,20.0,200,4,0.012168668023074704,19.147569568469333,3.1487457752227783,5.866342800029088
fcvae-20,fcvae,20.0,200,5,0.013537417453056335,18.684641785506624,2.8818118572235107,5.866342800029088
fcvae-20,fcvae,20.0,200,6,0.004740174064160804,23.242057102844484,1.922337532043457,5.866342800029088
fcvae-20,fcvae,20.0,200,7,0.0011883808144812216,29.250443681711303,0.9196032881736755,5.866342800029088
fcvae-20,fcvae,20.0,200,8,0.006785373651285013,21.684262319801984,2.0176689624786377,5.866342800029088
fcvae-20,fcvae,20.0,200,9,0.006549307923493028,21.83804590220138,2.2426435947418213,5.866342800029088
dcgan-20,dcgan,20.0,200,0,0.008027986982095644,20.95393340420802,2.3380444049835205,497.725431800005
dcgan-20,dcgan,20.0,200,1,0.012509155609023897,19.02772004992284,2.9096031188964844,497.725431800005
dcgan-20,dcgan,20.0,200,2,0.007512867759422336,21.241942554912168,2.3071303367614746,497.725431800005
dcgan-20,dcgan,20.0,200,3,0.006435973470838844,21.913857547364707,2.2065327167510986,497.725431800005
dcgan-20,dcgan,20.0,200,4,0.027150096103393428,15.662286287970648,4.196436882019043,497.725431800005
dcgan-20,dcgan,20.0,200,5,0.02365456630760675,16.260850100732416,3.51203989982605,497.725431800005
dcgan-20,dcgan,20.0,200,6,0.007054667686210307,21.515234390952113,2.0871148109436035,497.725431800005
dcgan-20,dcgan,20.0,200,7,0.0018404219304766017,27.350826003212667,1.2454726696014404,497.725431800005
dcgan-20,dcgan,20.0,200,8,0.0058522396755551105,22.326778958687484,2.0086169242858887,497.725431800005
dcgan-20,dcgan,20.0,200,9,0.0057344247654281194,22.415101407496437,1.8329697847366333,497.725431800005
dcgan-30,dcgan,30.0,200,0,0.02688366647863319,15.705115011371893,4.404195308685303,499.77365960000316
dcgan-30,dcgan,30.0,200,1,0.03361201721286819,14.735054227245538,4.8091559410095215,499.77365960000316
dcgan-30,dcgan,30.0,200,2,0.01211353439518556,19.167291232175206,2.9132657051086426,499.77365960000316
dcgan-30,dcgan,30.0,200,3,0.016209741198376298,17.90223918958661,3.191349983215332,499.77365960000316
dcgan-30,dcgan,30.0,200,4,0.029925536871844637,15.23958049496719,4.726379871368408,499.77365960000316
dcgan-30,dcgan,30.0,200,5,0.06988811867500015,11.555966501838249,6.656386375427246,499.77365960000316
dcgan-30,dcgan,30.0,200,6,0.011617390906607045,19.348913970828818,2.6751415729522705,499.77365960000316
dcgan-30,dcgan,30.0,200,7,0.0033097751100309007,24.802015143181457,1.5415551662445068,499.77365960000316
dcgan-30,dcgan,30.0,200,8,0.021411017566001774,16.693626922198963,3.8354196548461914,499.77365960000316
dcgan-30,dcgan,30.0,200,9,0.009977498612656762,20.009783239313663,2.750319242477417,499.77365960000316
lasso,lasso,,300,0,0.028293132941157373,15.483189597992023,2.1646390576280963,0.954195800004527
lasso,lasso,,300,1,0.022190948881389526,16.538241270090555,2.24415724553126,0.954195800004527
lasso,lasso,,300,2,0.024122931473018885,16.175699168802918,2.1894429890780476,0.954195800004527
lasso,lasso,,300,3,0.01258411229595632,19.001774148844067,1.6905272706754453,0.954195800004527
lasso,lasso,,300,4,0.03460731593845531,14.60832082252252,2.449602568758743,0.954195800004527
lasso,lasso,,300,5,0.02345722665831616,16.29723335706749,2.3378110373770773,0.954195800004527
lasso,lasso,,300,6,0.019103796237709157,17.188803227382493,2.0480787416284465,0.954195800004527
lasso,lasso,,300,7,0.005552096729959187,22.555429761047936,1.2041022803883978,0.954195800004527
lasso,lasso,,300,8,0.019705505320945237,17.054124237628933,2.06837598575567,0.954195800004527
lasso,lasso,,300,9,0.01607340457369307,17.938921237989312,1.6071777913041847,0.954195800004527
vae-20,vae,20.0,300,0,0.009375095748995347,20.28024288075126,2.6047537326812744,15.531188799999654
vae-20,vae,20.0,300,1,0.010453059617361555,19.807565726676412,2.800137519836426,15.531188799999654
vae-20,vae,20.0,300,2,0.007003507500829945,21.546844018793216,2.268347978591919,15.531188799999654
vae-20,vae,20.0,300,3,0.006847461249958436,21.64470416755906,2.214233160018921,15.531188799999654
vae-20,vae,20.0,300,4,0.018956702328076204,17.22237209470547,3.69561505317688,15.531188799999654
vae-20,vae,20.0,300,5,0.01650017539756252,17.82511439192841,3.54174542427063,15.531188799999654
vae-20,vae,20.0,300,6,0.006510231163133055,21.864035903733246,2.17826509475708,15.531188799999654
vae-20,vae,20.0,300,7,0.0011426677111128574,29.42080044504958,0.9249358177185059,15.531188799999654
vae-20,vae,20.0,300,8,0.011359378754888022,19.446454195670498,2.9341342449188232,15.531188799999654
vae-20,vae,20.0,300,9,0.007685113686664033,21.14349703554521,2.489067792892456,15.531188799999654
vae-30,vae,30.0,300,0,0.007213623372638019,21.418465361866236,2.151977300643921,16.771441099990625
vae-30,vae,30.0,300,1,0.00816265386616934,20.88168619181068,2.5054593086242676,16.771441099990625
vae-30,vae,30.0,300,2,0.005838759721169548,22.336793966304246,2.0671839714050293,16.771441099990625
vae-30,vae,30.0,300,3,0.0035021920920866438,24.556600369375168,1.6175428628921509,16.771441099990625
vae-30,vae,30.0,300,4,0.013656627400117357,18.64656539480472,3.039924144744873,16.771441099990625
vae-30,vae,30.0,300,5,0.012094136843066991,19.174251217353145,2.926194190979004,16.771441099990625
vae-30,vae,30.0,300,6,0.006624189595597574,21.788672457969312,2.1891701221466064,16.771441099990625
vae-30,vae,30.0,300,7,0.0010392830932560142,29.83266137627954,0.8616593480110168,16.771441099990625
vae-30,vae,30.0,300,8,0.009955505301973602,20.019366920113043,2.7293434143066406,16.771441099990625
vae-30,vae,30.0,300,9,0.006163865883306031,22.101468194626698,2.225314140319824,16.771441099990625
fcvae-20,fcvae,20.0,300,0,0.006684728838871571,21.74916204882214,2.1022682189941406,7.462373199989088
fcvae-20,fcvae,20.0,300,1,0.006813352519805219,21.666391402774664,2.234635829925537,7.462373199989088
fcvae-20,fcvae,20.0,300,2,0.005012152867642691,22.999756917558503,1.8333806991577148,7.462373199989088
fcvae-20,fcvae,20.0,300,3,0.003945472078423051,24.039010257148362,1.6166034936904907,7.462373199989088
fcvae-20,fcvae,20.0,300,4,0.01219358280219521,19.138686682450533,2.6325979232788086,7.462373199989088
fcvae-20,fcvae,20.0,300,5,0.012162113344550505,19.1499095350652,2.9484128952026367,7.462373199989088
fcvae-20,fcvae,20.0,300,6,0.004909035404982239,23.09003835666892,1.8929041624069214,7.462373199989088
fcvae-20,fcvae,20.0,300,7,0.0012150561530566263,29.15403650955289,0.9469715356826782,7.462373199989088
fcvae-20,fcvae,20.0,300,8,0.006221054776707638,22.0613597465522,2.039947986602783,7.462373199989088
fcvae-20,fcvae,20.0,300,9,0.0065758200335755196,21.820500810359174,2.282071828842163,7.462373199989088
dcgan-20,dcgan,20.0,300,0,0.00795919512271346,20.991308482721237,2.255824327468872,499.96026320004603
dcgan-20,dcgan,20.0,300,1,0.011503327006612569,19.391765342859564,2.7885332107543945,499.96026320004603
dcgan-20,dcgan,20.0,300,2,0.00800826313463551,20.964616652936336,2.4521851539611816,499.96026320004603
dcgan-20,dcgan,20.0,300,3,0.005971910890302509,22.23886681211351,2.015737771987915,499.96026320004603
dcgan-20,dcgan,20.0,300,4,0.02471715484470015,16.070015217045903,4.1483154296875,499.96026320004603
dcgan-20,dcgan,20.0,300,5,0.02853862943776711,15.445668876301827,4.236368179321289,499.96026320004603
dcgan-20,dcgan,20.0,300,6,0.006999763930702552,21.549166064603188,2.198784828186035,499.96026320004603
dcgan-20,dcgan,20.0,300,7,0.0013602748754928033,28.663733233595856,0.9894742965698242,499.96026320004603
dcgan-20,dcgan,20.0,300,8,0.00623591321761744,22.050999373209322,2.188762664794922,499.96026320004603
dcgan-20,dcgan,20.0,300,9,0.00385779012345106,24.136614031064482,1.5567597150802612,499.96026320004603
dcgan-30,dcgan,30.0,300,0,0.026066509058775014,15.83917127559223,3.830709457397461,499.92585120000876
dcgan-30,dcgan,30.0,300,1,0.036335881399363106,14.396643006630402,4.882500648498535,499.92585120000876
dcgan-30,dcgan,30.0,300,2,0.011336758986393412,19.4551108614025,2.7520296573638916,499.92585120000876
dcgan-30,dcgan,30.0,300,3,0.015698341355372757,18.041462315565187,3.3448548316955566,499.92585120000876
dcgan-30,dcgan,30.0,300,4,0.03264528248386254,14.861795690367906,4.970848560333252,499.92585120000876
dcgan-30,dcgan,30.0,300,5,0.0795672543092802,10.992656282264985,7.544034004211426,499.92585120000876
dcgan-30,dcgan,30.0,300,6,0.011867681334123102,19.256341236873453,2.7824440002441406,499.92585120000876
dcgan-30,dcgan,30.0,300,7,0.0030756409376835312,25.120643671426475,1.4507116079330444,499.92585120000876
dcgan-30,dcgan,30.0,300,8,0.020689689429192,16.842460284353034,3.7624456882476807,499.92585120000876
dcgan-30,dcgan,30.0,300,9,0.009895491726091383,20.045626199899694,2.519334554672241,499.92585120000876
lasso,lasso,,400,0,0.014001518035906626,18.538248758305325,1.6281688308101716,1.1113032000139356
lasso,lasso,,400,1,0.015310999350597055,18.149964619284237,1.8342998705649092,1.1113032000139356
lasso,lasso,,400,2,0.012907848631117937,18.891461361605767,1.5260908830321256,1.1113032000139356
lasso,lasso,,400,3,0.009641877831099516,20.158383756133805,1.3871012390148962,1.1113032000139356
lasso,lasso,,400,4,0.015571976375946227,18.076562638161914,1.5889470763642188,1.1113032000139356
lasso,lasso,,400,5,0.016892626428619873,17.723028220228485,1.7340414681376557,1.1113032000139356
lasso,lasso,,400,6,0.011918836847761509,19.237661250694956,1.516521881878248,1.1113032000139356
lasso,lasso,,400,7,0.0037171117350017235,24.297943839768212,0.9767778755117066,1.1113032000139356
lasso,lasso,,400,8,0.010449212111139552,19.809164548815826,1.6032634924068538,1.1113032000139356
lasso,lasso,,400,9,0.006401519902454071,21.937168999409337,1.2773128983563502,1.1113032000139356
vae-20,vae,20.0,400,0,0.009195163760661072,20.36440531818166,2.684142827987671,16.366551399987657
vae-20,vae,20.0,400,1,0.01006713266386484,19.97094208253138,2.776103973388672,16.366551399987657
vae-20,vae,20.0,400,2,0.007214004163529645,21.41823611366501,2.390554666519165,16.366551399987657
vae-20,vae,20.0,400,3,0.006767115327123786,21.695964220821168,2.1518924236297607,16.366551399987657
vae-20,vae,20.0,400,4,0.0192939303935578,17.14579292607041,3.702003002166748,16.366551399987657
vae-20,vae,20.0,400,5,0.016570367565637855,17.806678579078955,3.5942766666412354,16.366551399987657
vae-20,vae,20.0,400,6,0.0063720550236283915,21.957204826582558,2.1275439262390137,16.366551399987657
vae-20,vae,20.0,400,7,0.0011550046748006967,29.374162579917176,0.9635277986526489,16.366551399987657
vae-20,vae,20.0,400,8,0.01123552609056562,19.494065874299494,2.9003140926361084,16.366551399987657
vae-20,vae,20.0,400,9,0.0077184743533466075,21.124685345608857,2.3790416717529297,16.366551399987657
vae-30,vae,30.0,400,0,0.0066166575988873075,21.793613387977434,2.2688119411468506,17.92867659998592
vae-30,vae,30.0,400,1,0.007888240173295728,21.030198748988536,2.442568302154541,17.92867659998592
vae-30,vae,30.0,400,2,0.005839587105116947,22.336178591048284,2.1110970973968506,17.92867659998592
vae-30,vae,30.0,400,3,0.0035302333835441173,24.521965824776323,1.6235569715499878,17.92867659998592
vae-30,vae,30.0,400,4,0.014422839542731936,18.40949228081447,3.217073678970337,17.92867659998592
vae-30,vae,30.0,400,5,0.012323083837934885,19.09280596862678,3.014979362487793,17.92867659998592
vae-30,vae,30.0,400,6,0.0067263504707142,21.722205078908665,2.2359845638275146,17.92867659998592
vae-30,vae,30.0,400,7,0.0010984396035493883,29.592238172744885,0.931639552116394,17.92867659998592
vae-30,vae,30.0,400,8,0.00979269141736486,20.090979305594878,2.6242542266845703,17.92867659998592
vae-30,vae,30.0,400,9,0.005998868740097774,22.219306406587926,2.1099233627319336,17.92867659998592
fcvae-20,fcvae,20.0,400,0,0.006056322193360552,22.177910286406608,2.1643903255462646,7.9312719000154175
fcvae-20,fcvae,20.0,400,1,0.006625958047454969,21.78751318199982,2.297386646270752,7.9312719000154175
fcvae-20,fcvae,20.0,400,2,0.004901820406863267,23.096426044950114,1.9368069171905518,7.9312719000154175
fcvae-20,fcvae,20.0,400,3,0.003911606813112061,24.076448061026554,1.631486415863037,7.9312719000154175
fcvae-20,fcvae,20.0,400,4,0.012775952528064486,18.936067105857553,2.847254514694214,7.9312719000154175
fcvae-20,fcvae,20.0,400,5,0.01268709325918578,18.966378677474584,2.9940834045410156,7.9312719000154175
fcvae-20,fcvae,20.0,400,6,0.004780158804088486,23.205576752302,1.9561433792114258,7.9312719000154175
fcvae-20,fcvae,20.0,400,7,0.0011607904011964928,29.352461918217262,0.9502518177032471,7.9312719000154175
fcvae-20,fcvae,20.0,400,8,0.0065459487475701735,21.84027399384659,2.1241283416748047,7.9312719000154175
fcvae-20,fcvae,20.0,400,9,0.006316148765716893,21.995476495046123,2.1697492599487305,7.9312719000154175
dcgan-20,dcgan,20.0,400,0,0.007678423342350248,21.147279471576297,2.297590970993042,495.6271856999956
dcgan-20,dcgan,20.0,400,1,0.01235376551295906,19.08200646271308,2.976637840270996,495.6271856999956
dcgan-20,dcgan,20.0,400,2,0.007035589930808329,21.526994813204674,2.286712408065796,495.6271856999956
dcgan-20,dcgan,20.0,400,3,0.005763100834209256,22.39343781710061,2.0548148155212402,495.6271856999956
dcgan-20,dcgan,20.0,400,4,0.025446865611320243,15.9436570376099,4.2365899085998535,495.6271856999956
dcgan-20,dcgan,20.0,400,5,0.02007926130027906,16.972522685745155,3.732316493988037,495.6271856999956
dcgan-20,dcgan,20.0,400,6,0.007148987899388252,21.45755438034365,2.165418863296509,495.6271856999956
dcgan-20,dcgan,20.0,400,7,0.0016511953735372168,27.82201536895223,1.1017258167266846,495.6271856999956
dcgan-20,dcgan,20.0,400,8,0.0062474728865439776,22.04295619995412,2.0610530376434326,495.6271856999956
dcgan-20,dcgan,20.0,400,9,0.004111658435192128,23.85982970343656,1.7730138301849365,495.6271856999956
dcgan-30,dcgan,30.0,400,0,0.024950600928384397,16.029189900510715,4.185373306274414,498.5710048999754
dcgan-30,dcgan,30.0,400,1,0.034517274977594575,14.619634976876416,4.942070007324219,498.5710048999754
dcgan-30,dcgan,30.0,400,2,0.01184124681817945,19.266025663845088,2.8217477798461914,498.5710048999754
dcgan-30,dcgan,30.0,400,3,0.014889166783430071,18.271296052352966,3.301447629928589,498.5710048999754
dcgan-30,dcgan,30.0,400,4,0.030056121465752327,15.220670628275776,4.43724250793457,498.5710048999754
dcgan-30,dcgan,30.0,400,5,0.05902259466358248,12.28981702607874,6.656996726989746,498.5710048999754
dcgan-30,dcgan,30.0,400,6,0.012688937609768367,18.96574737994326,2.978458881378174,498.5710048999754
dcgan-30,dcgan,30.0,400,7,0.003142062048149036,25.02785242942555,1.5402193069458008,498.5710048999754
dcgan-30,dcgan,30.0,400,8,0.022132193648720107,16.549755385210226,3.8195853233337402,498.5710048999754
dcgan-30,dcgan,30.0,400,9,0.009780359294574112,20.096451905309344,2.6803672313690186,498.5710048999754
lasso,lasso,,500,0,0.008930924267271118,20.491035933618296,1.4827051528920776,0.8365005999803543
lasso,lasso,,500,1,0.0069320286576663994,21.591396505396766,1.1135122762723042,0.8365005999803543
lasso,lasso,,500,2,0.005744361299897582,22.407582523282265,1.1432378196719297,0.8365005999803543
lasso,lasso,,500,3,0.005606700549339997,22.51292638701242,1.2448379803904088,0.8365005999803543
lasso,lasso,,500,4,0.007038111877716379,21.525438339076626,1.263881476853602,0.8365005999803543
lasso,lasso,,500,5,0.010256650283049229,19.889944521985928,1.3444945681390346,0.8365005999803543
lasso,lasso,,500,6,0.007038548189875093,21.52516911617564,1.3242374918579516,0.8365005999803543
lasso,lasso,,500,7,0.002434362405490782,26.13614767523852,0.8297227615897365,0.8365005999803543
lasso,lasso,,500,8,0.006375065255014204,21.955153654434124,1.1566445444743927,0.8365005999803543
lasso,lasso,,500,9,0.005070680486202846,22.949337543605814,1.14143690572519,0.8365005999803543
vae-20,vae,20.0,500,0,0.009101418093384418,20.40890934915195,2.605548143386841,17.57799859996885
vae-20,vae,20.0,500,1,0.010359089719245521,19.846784055249064,2.5848677158355713,17.57799859996885
vae-20,vae,20.0,500,2,0.007033773680651953,21.528116096934106,2.2949912548065186,17.57799859996885
vae-20,vae,20.0,500,3,0.006698322708248887,21.740339330822593,2.2463254928588867,17.57799859996885
vae-20,vae,20.0,500,4,0.01941077228640572,17.119571852168832,3.7163286209106445,17.57799859996885
vae-20,vae,20.0,500,5,0.01669949108033154,17.77296763844724,3.570761203765869,17.57799859996885
vae-20,vae,20.0,500,6,0.006415154693981922,21.927928666572978,2.3623433113098145,17.57799859996885
vae-20,vae,20.0,500,7,0.0011036404955014458,29.571723724823052,0.9346935153007507,17.57799859996885
vae-20,vae,20.0,500,8,0.011145907474572968,19.528845664699478,2.8133814334869385,17.57799859996885
vae-20,vae,20.0,500,9,0.007657072323901038,21.159372508134936,2.316936492919922,17.57799859996885
vae-30,vae,30.0,500,0,0.006761454216479609,21.69959888337701,2.251999616622925,18.733113599999342
vae-30,vae,30.0,500,1,0.00790726353773829,21.019737865498847,2.2920594215393066,18.733113599999342
vae-30,vae,30.0,500,2,0.005793777559748466,22.37038182661466,2.133042097091675,18.733113599999342
vae-30,vae,30.0,500,3,0.0036891212549614786,24.330770700387873,1.672107458114624,18.733113599999342
vae-30,vae,30.0,500,4,0.014064816687120474,18.518659238109624,3.2087948322296143,18.733113599999342
vae-30,vae,30.0,500,5,0.012289154411650311,19.104779988863868,3.002505302429199,18.733113599999342
vae-30,vae,30.0,500,6,0.006421606706962206,21.923562964379183,2.2446703910827637,18.733113599999342
vae-30,vae,30.0,500,7,0.0008988171833340866,30.46328633453799,0.8169628977775574,18.733113599999342
vae-30,vae,30.0,500,8,0.010046465132200479,19.979867187036703,2.63761305809021,18.733113599999342
vae-30,vae,30.0,500,9,0.006148599494824517,22.112237949456738,2.1004626750946045,18.733113599999342
fcvae-20,fcvae,20.0,500,0,0.006254467515446401,22.038096587838613,2.1534194946289062,10.336979100015014
fcvae-20,fcvae,20.0,500,1,0.006830219561532103,21.65565335435715,2.1408212184906006,10.336979100015014
fcvae-20,fcvae,20.0,500,2,0.005081875946417263,22.939759407110763,1.9626743793487549,10.336979100015014
fcvae-20,fcvae,20.0,500,3,0.004133953755052278,23.836343859665796,1.7835102081298828,10.336979100015014
fcvae-20,fcvae,20.0,500,4,0.01217311244357679,19.145983663672098,3.079974412918091,10.336979100015014
fcvae-20,fcvae,20.0,500,5,0.012513151410011627,19.026333004089548,2.9748902320861816,10.336979100015014
fcvae-20,fcvae,20.0,500,6,0.004729350429669947,23.251985049667198,1.9828603267669678,10.336979100015014
fcvae-20,fcvae,20.0,500,7,0.0011880979953571263,29.25147736890466,0.9417446255683899,10.336979100015014
fcvae-20,fcvae,20.0,500,8,0.006770178877394035,21.693998565085224,2.116269588470459,10.336979100015014
fcvae-20,fcvae,20.0,500,9,0.006584944771454388,21.814478631552248,2.1028316020965576,10.336979100015014
dcgan-20,dcgan,20.0,500,0,0.007421962207307739,21.29481261412659,2.3530690670013428,497.38334020000184
dcgan-20,dcgan,20.0,500,1,0.01034149365424415,19.854167302026188,2.8710217475891113,497.38334020000184
dcgan-20,dcgan,20.0,500,2,0.006475801267060781,21.88706487581296,2.109344005584717,497.38334020000184
dcgan-20,dcgan,20.0,500,3,0.006057639056548655,22.176966075992738,2.1357548236846924,497.38334020000184
dcgan-20,dcgan,20.0,500,4,0.021034766363924092,16.77062307389416,3.775336265563965,497.38334020000184
dcgan-20,dcgan,20.0,500,5,0.02322533457815813,16.34038020955366,3.9449825286865234,497.38334020000184
dcgan-20,dcgan,20.0,500,6,0.006788561332591403,21.682222539254155,2.257741928100586,497.38334020000184
dcgan-20,dcgan,20.0,500,7,0.0014742289281372686,28.314350710855877,1.0842677354812622,497.38334020000184
dcgan-20,dcgan,20.0,500,8,0.005987605975835317,22.227467868444887,2.0399441719055176,497.38334020000184
dcgan-20,dcgan,20.0,500,9,0.00517226703070773,22.863190617171654,1.8532168865203857,497.38334020000184
dcgan-30,dcgan,30.0,500,0,0.026841236035138126,15.711974888428413,4.2434983253479,498.29262239998206
dcgan-30,dcgan,30.0,500,1,0.03538938817467531,14.511269455472622,4.879556179046631,498.29262239998206
dcgan-30,dcgan,30.0,500,2,0.011795250087104078,19.28292846614089,2.709292411804199,498.29262239998206
dcgan-30,dcgan,30.0,500,3,0.014956826769706364,18.251605363235708,3.274898052215576,498.29262239998206
dcgan-30,dcgan,30.0,500,4,0.030159249671701242,15.205794674273728,4.463294982910156,498.29262239998206
dcgan-30,dcgan,30.0,500,5,0.07503428752312934,11.247402368840266,7.226386547088623,498.29262239998206
dcgan-30,dcgan,30.0,500,6,0.010169336506268145,19.92707381498738,2.939875364303589,498.29262239998206
dcgan-30,dcgan,30.0,500,7,0.003051590848699418,25.154736961640385,1.6213397979736328,498.29262239998206
dcgan-30,dcgan,30.0,500,8,0.020858335364729048,16.80720354143409,3.700150966644287,498.29262239998206
dcgan-30,dcgan,30.0,500,9,0.009709985354995572,20.127814251125315,2.810149908065796,498.29262239998206
lasso,lasso,,750,0,0.0013983437454811285,28.543860557612625,0.6193567199706446,0.3613964000251144
lasso,lasso,,750,1,0.001612610483159657,27.924705212924678,0.6661755874499218,0.3613964000251144
lasso,lasso,,750,2,0.00179757069311089,27.453140210984827,0.6695918796717654,0.3613964000251144
lasso,lasso,,750,3,0.001315733975618034,28.80831910570075,0.6452801765423141,0.3613964000251144
lasso,lasso,,750,4,0.001791848062940246,27.46698818459684,0.6891423651919647,0.3613964000251144
lasso,lasso,,750,5,0.0024536151317755377,26.10193558664651,0.7512323693120002,0.3613964000251144
lasso,lasso,,750,6,0.001502632708850605,28.23147161803517,0.6885495351764092,0.3613964000251144
lasso,lasso,,750,7,0.0007038620512048922,31.525124491973603,0.48395237279549536,0.3613964000251144
lasso,lasso,,750,8,0.001249438462456947,29.032851289521044,0.6286640698415473,0.3613964000251144
lasso,lasso,,750,9,0.001444488007210761,28.402860595129727,0.6458870523472011,0.3613964000251144
vae-20,vae,20.0,750,0,0.00897304081626428,20.4706035674049,2.5989980697631836,16.433600099990144
vae-20,vae,20.0,750,1,0.010252212706719928,19.891823919145956,2.7657992839813232,16.433600099990144
vae-20,vae,20.0,750,2,0.0069725646093579735,21.56607452772541,2.4513213634490967,16.433600099990144
vae-20,vae,20.0,750,3,0.006667030663627756,21.76067547422253,2.277653932571411,16.433600099990144
vae-20,vae,20.0,750,4,0.01835749850078825,17.361864985879084,3.8217291831970215,16.433600099990144
vae-20,vae,20.0,750,5,0.01635922133018112,17.862373718171185,3.4883460998535156,16.433600099990144
vae-20,vae,20.0,750,6,0.0063551618752258196,21.968733828563174,2.2046031951904297,16.433600099990144
vae-20,vae,20.0,750,7,0.001065960394041963,29.722589313024752,0.9303877949714661,16.433600099990144
vae-20,vae,20.0,750,8,0.011194437746769781,19.5099771446614,2.8108749389648438,16.433600099990144
vae-20,vae,20.0,750,9,0.007376400790246193,21.321554943048188,2.3812482357025146,16.433600099990144
vae-30,vae,30.0,750,0,0.00654807721328945,21.838862081379474,2.242525815963745,17.625430800020695
vae-30,vae,30.0,750,1,0.007841564860472192,21.05597260982386,2.3579416275024414,17.625430800020695
vae-30,vae,30.0,750,2,0.005544618777497805,22.561283085807577,2.088207960128784,17.625430800020695
vae-30,vae,30.0,750,3,0.0036230254294867498,24.409286177051772,1.6594340801239014,17.625430800020695
vae-30,vae,30.0,750,4,0.013353166265346111,18.74415743398564,3.219580888748169,17.625430800020695
vae-30,vae,30.0,750,5,0.011807921469659656,19.278265438515625,2.9594309329986572,17.625430800020695
vae-30,vae,30.0,750,6,0.006472932865576871,21.888988972707622,2.2312099933624268,17.625430800020695
vae-30,vae,30.0,750,7,0.0009242271359525335,30.342212844415975,0.871063768863678,17.625430800020695
vae-30,vae,30.0,750,8,0.009839904510885568,20.07009116060193,2.6916897296905518,17.625430800020695
vae-30,vae,30.0,750,9,0.0059472759770580015,22.256819080565492,2.137653112411499,17.625430800020695
fcvae-20,fcvae,20.0,750,0,0.00593083231007528,22.26884355150366,2.0857973098754883,7.013809600030072
fcvae-20,fcvae,20.0,750,1,0.0066911208095321376,21.74501128775551,2.253901481628418,7.013809600030072
fcvae-20,fcvae,20.0,750,2,0.004884730596549394,23.111593835641145,1.9372624158859253,7.013809600030072
fcvae-20,fcvae,20.0,750,3,0.003814774142956708,24.185311697330192,1.737253189086914,7.013809600030072
fcvae-20,fcvae,20.0,750,4,0.0113323707945416,19.45679223827845,2.962808609008789,7.013809600030072
fcvae-20,fcvae,20.0,750,5,0.012849603885177805,18.911102601251415,2.9359610080718994,7.013809600030072
fcvae-20,fcvae,20.0,750,6,0.00465519733418069,23.32061904515227,1.9121205806732178,7.013809600030072
fcvae-20,fcvae,20.0,750,7,0.001179618955075555,29.282582574676645,0.9946408867835999,7.013809600030072
fcvae-20,fcvae,20.0,750,8,0.0065080238151009676,21.865508664991594,2.1831419467926025,7.013809600030072
fcvae-20,fcvae,20.0,750,9,0.006234545467866097,22.051952034513924,2.1339404582977295,7.013809600030072
dcgan-20,dcgan,20.0,750,0,0.007375368879764226,21.3221625352746,2.372330904006958,497.42220140004065
dcgan-20,dcgan,20.0,750,1,0.012181915195996533,19.142844281508793,3.063105344772339,497.42220140004065
dcgan-20,dcgan,20.0,750,2,0.007301216391271525,21.366047798782777,2.487053155899048,497.42220140004065
dcgan-20,dcgan,20.0,750,3,0.006411704332802951,21.930265127671696,2.213127851486206,497.42220140004065
dcgan-20,dcgan,20.0,750,4,0.022110143615263048,16.554084364753933,4.007004737854004,497.42220140004065
dcgan-20,dcgan,20.0,750,5,0.0216536343111049,16.644692019066362,3.9215219020843506,497.42220140004065
dcgan-20,dcgan,20.0,750,6,0.0066692472478183116,21.75923181760726,2.1814210414886475,497.42220140004065
dcgan-20,dcgan,20.0,750,7,0.0013111714042334756,28.82340531004848,1.0181374549865723,497.42220140004065
dcgan-20,dcgan,20.0,750,8,0.0062144028752715436,22.06600595169276,2.0672688484191895,497.42220140004065
dcgan-20,dcgan,20.0,750,9,0.003877174941811895,24.114846027716204,1.7727335691452026,497.42220140004065
dcgan-30,dcgan,30.0,750,0,0.02506728948098491,16.00892623644186,4.20553731918335,502.6878504999913
dcgan-30,dcgan,30.0,750,1,0.03525054437324429,14.528341718223531,5.191239356994629,502.6878504999913
dcgan-30,dcgan,30.0,750,2,0.011399454785189762,19.431159196675548,2.9726645946502686,502.6878504999913
dcgan-30,dcgan,30.0,750,3,0.014497383316042013,18.387103780377924,3.44004487991333,502.6878504999913
dcgan-30,dcgan,30.0,750,4,0.028610928334072944,15.434680504846929,4.850456237792969,502.6878504999913
dcgan-30,dcgan,30.0,750,5,0.06480059514672498,11.884210054295355,6.93864107131958,502.6878504999913
dcgan-30,dcgan,30.0,750,6,0.0118272180600891,19.27117395966521,2.917691469192505,502.6878504999913
dcgan-30,dcgan,30.0,750,7,0.0031273389382547334,25.048250477507352,1.547755241394043,502.6878504999913
dcgan-30,dcgan,30.0,750,8,0.020943512166577666,16.789504866179392,3.9556832313537598,502.6878504999913
dcgan-30,dcgan,30.0,750,9,0.009816571030463003,20.080401866129606,2.747229814529419,502.6878504999913
