method,m,l2_penalty,image,per_pixel_error,latent_norm
vae-20,10,0.0,0,0.1038127009339496,10.044435501098633
vae-20,10,0.0,1,0.08045896166086816,10.551284790039062
vae-20,10,0.0,2,0.08787260284455545,7.614926338195801
vae-20,10,0.0,3,0.03910446078701751,10.71718692779541
vae-20,10,0.0,4,0.07154830727621656,9.212146759033203
vae-20,10,0.0,5,0.11541097031232089,7.068010330200195
vae-20,10,0.0,6,0.033288559382729746,7.683094024658203
vae-20,10,0.0,7,0.06027164295350905,10.040611267089844
vae-20,10,0.0,8,0.08665204069304237,11.821417808532715
vae-20,10,0.0,9,0.07129114614655424,10.986703872680664
vae-20,10,0.01,0,0.09509539458857937,4.203348159790039
vae-20,10,0.01,1,0.07981507399331329,7.947990417480469
vae-20,10,0.01,2,0.08013353943833879,6.094984531402588
vae-20,10,0.01,3,0.0385575551534038,7.809234142303467
vae-20,10,0.01,4,0.07144610259407896,7.685066223144531
vae-20,10,0.01,5,0.11426488936282397,5.061839580535889
vae-20,10,0.01,6,0.03357657770584408,4.442894458770752
vae-20,10,0.01,7,0.023150205430553537,4.901648044586182
vae-20,10,0.01,8,0.08667772580984714,9.793797492980957
vae-20,10,0.01,9,0.07012236933505249,8.482605934143066
vae-20,10,0.1,0,0.09398948185637651,3.1211304664611816
vae-20,10,0.1,1,0.07839935368104854,3.6503145694732666
vae-20,10,0.1,2,0.08106028720233165,3.132606267929077
vae-20,10,0.1,3,0.03786527363433863,5.248620986938477
vae-20,10,0.1,4,0.07144811666267492,4.9576096534729
vae-20,10,0.1,5,0.12151559995068077,3.807098150253296
vae-20,10,0.1,6,0.020170023186281093,2.986408233642578
vae-20,10,0.1,7,0.020830151405844686,2.867863655090332
vae-20,10,0.1,8,0.04478646840815395,3.456554889678955
vae-20,10,0.1,9,0.06481829451866758,3.398026466369629
vae-20,10,1.0,0,0.06876678428009769,2.1794910430908203
vae-20,10,1.0,1,0.07780738802175928,2.9269771575927734
vae-20,10,1.0,2,0.061162374045006324,1.6541883945465088
vae-20,10,1.0,3,0.012991906292540335,2.605984687805176
vae-20,10,1.0,4,0.06686986104857341,3.9405431747436523
vae-20,10,1.0,5,0.11860413890331857,3.124220609664917
vae-20,10,1.0,6,0.015794582700635596,2.1942787170410156
vae-20,10,1.0,7,0.012702461351663108,2.1624248027801514
vae-20,10,1.0,8,0.09103314077338201,3.3513317108154297
vae-20,10,1.0,9,0.05727711246474941,2.2510483264923096
vae-30,10,0.0,0,0.10942400110650531,5.766867637634277
vae-30,10,0.0,1,0.09337552884155162,15.3024320602417
vae-30,10,0.0,2,0.08812176712429677,8.1884765625
vae-30,10,0.0,3,0.018154638164126054,13.207854270935059
vae-30,10,0.0,4,0.12104192402815678,9.122310638427734
vae-30,10,0.0,5,0.1290570248191964,7.760015964508057
vae-30,10,0.0,6,0.0477047926255663,10.868977546691895
vae-30,10,0.0,7,0.10248536368120645,6.801109790802002
vae-30,10,0.0,8,0.09332163413334281,11.132678985595703
vae-30,10,0.0,9,0.0520564874447774,4.618588924407959
vae-30,10,0.01,0,0.10419083820159558,3.998112440109253
vae-30,10,0.01,1,0.09239628674635673,11.176200866699219
vae-30,10,0.01,2,0.14098408329217926,5.039742469787598
vae-30,10,0.01,3,0.016794640863363373,8.129250526428223
vae-30,10,0.01,4,0.07620950761255305,9.059286117553711
vae-30,10,0.01,5,0.12830466616443317,4.466856002807617
vae-30,10,0.01,6,0.10612634534888117,7.0195631980896
vae-30,10,0.01,7,0.1018535666649811,4.4551100730896
vae-30,10,0.01,8,0.088165481294561,5.067795753479004
vae-30,10,0.01,9,0.053733190551071945,3.2011992931365967
vae-30,10,0.1,0,0.1080529759817007,2.8094425201416016
vae-30,10,0.1,1,0.08748883467884909,3.886808156967163
vae-30,10,0.1,2,0.10653259565806088,3.387897253036499
vae-30,10,0.1,3,0.016095836532418088,3.4671123027801514
vae-30,10,0.1,4,0.10944669162830134,4.747264862060547
vae-30,10,0.1,5,0.12670222045606266,3.7407147884368896
vae-30,10,0.1,6,0.10611908057322855,3.780142068862915
vae-30,10,0.1,7,0.01137810817451084,2.6245787143707275
vae-30,10,0.1,8,0.028578344706128977,3.5187180042266846
vae-30,10,0.1,9,0.0658192931310352,2.524228572845459
vae-30,10,1.0,0,0.09828601378187007,2.7071309089660645
vae-30,10,1.0,1,0.08355223650741994,3.032595634460449
vae-30,10,1.0,2,0.09925863421800718,2.1437439918518066
vae-30,10,1.0,3,0.015330075495295564,2.3603515625
vae-30,10,1.0,4,0.07126987254592514,3.6379032135009766
vae-30,10,1.0,5,0.12276202190687287,2.277843952178955
vae-30,10,1.0,6,0.05543820494986634,1.9285167455673218
vae-30,10,1.0,7,0.010620234671325899,2.0726919174194336
vae-30,10,1.0,8,0.09824933787019062,2.7343859672546387
vae-30,10,1.0,9,0.06272742236045568,1.935382604598999
fcvae-20,10,0.0,0,0.13454057843736156,5.431826114654541
fcvae-20,10,0.0,1,0.10152239491359996,10.664939880371094
fcvae-20,10,0.0,2,0.11616311280957223,5.5386061668396
fcvae-20,10,0.0,3,0.012286276774720866,6.166633129119873
fcvae-20,10,0.0,4,0.07293989953442638,8.383919715881348
fcvae-20,10,0.0,5,0.12794821943474569,7.9906182289123535
fcvae-20,10,0.0,6,0.058678799083853456,6.753849029541016
fcvae-20,10,0.0,7,0.059045980545163884,5.475882530212402
fcvae-20,10,0.0,8,0.05749325167247937,6.298020362854004
fcvae-20,10,0.0,9,0.0670367497419157,5.359427452087402
fcvae-20,10,0.01,0,0.05892648401148952,2.9101569652557373
fcvae-20,10,0.01,1,0.06942865575010773,7.244873046875
fcvae-20,10,0.01,2,0.12410009951568542,5.243943691253662
fcvae-20,10,0.01,3,0.012049853523788389,5.723387241363525
fcvae-20,10,0.01,4,0.07374271069394313,8.011822700500488
fcvae-20,10,0.01,5,0.12694079402078015,5.726306915283203
fcvae-20,10,0.01,6,0.05880103313239652,5.7332658767700195
fcvae-20,10,0.01,7,0.05625215931584646,4.695145130157471
fcvae-20,10,0.01,8,0.05068740979202691,5.092222213745117
fcvae-20,10,0.01,9,0.04252553731143807,4.622178554534912
fcvae-20,10,0.1,0,0.04100261186593777,2.410557746887207
fcvae-20,10,0.1,1,0.09263565522745199,5.504228115081787
fcvae-20,10,0.1,2,0.08845457107111995,2.7107625007629395
fcvae-20,10,0.1,3,0.012650080447623393,3.955259084701538
fcvae-20,10,0.1,4,0.06842627632638142,6.327576637268066
fcvae-20,10,0.1,5,0.12199697864354858,3.624587297439575
fcvae-20,10,0.1,6,0.05643727003596352,3.7113258838653564
fcvae-20,10,0.1,7,0.014272639816886973,2.497629165649414
fcvae-20,10,0.1,8,0.06659240501805898,3.668114185333252
fcvae-20,10,0.1,9,0.04614502764215936,3.8001151084899902
fcvae-20,10,1.0,0,0.05555657536380867,1.8644148111343384
fcvae-20,10,1.0,1,0.06630276028834627,2.910234212875366
fcvae-20,10,1.0,2,0.04798280366217401,1.3511258363723755
fcvae-20,10,1.0,3,0.014513932251684033,2.603400945663452
fcvae-20,10,1.0,4,0.03998133091718326,3.7825379371643066
fcvae-20,10,1.0,5,0.10035659321173207,1.8155075311660767
fcvae-20,10,1.0,6,0.019010119914027408,2.5185279846191406
fcvae-20,10,1.0,7,0.026990460128371908,1.747341275215149
fcvae-20,10,1.0,8,0.07291080175857184,2.5191190242767334
fcvae-20,10,1.0,9,0.05904110516472537,2.805534839630127
vae-20,25,0.0,0,0.017611346682274973,12.931025505065918
vae-20,25,0.0,1,0.05888131869851569,10.802521705627441
vae-20,25,0.0,2,0.01934818137836019,7.542214870452881
vae-20,25,0.0,3,0.025555530402790752,13.962082862854004
vae-20,25,0.0,4,0.14561123790158748,16.69936180114746
vae-20,25,0.0,5,0.023836404970707277,9.122426986694336
vae-20,25,0.0,6,0.014164959095752511,11.629353523254395
vae-20,25,0.0,7,0.002666640488163541,9.899616241455078
vae-20,25,0.0,8,0.022424367273932565,9.15160846710205
vae-20,25,0.0,9,0.016332563059766696,13.325126647949219
vae-20,25,0.01,0,0.012152838414512418,8.428468704223633
vae-20,25,0.01,1,0.05724168423171614,7.896570205688477
vae-20,25,0.01,2,0.01846885043879879,5.349128246307373
vae-20,25,0.01,3,0.02670564140013114,9.163260459899902
vae-20,25,0.01,4,0.14573515352666233,13.911256790161133
vae-20,25,0.01,5,0.02273191552812074,6.413065433502197
vae-20,25,0.01,6,0.01180100783894056,6.259695529937744
vae-20,25,0.01,7,0.0254647759654879,9.091836929321289
vae-20,25,0.01,8,0.021258593328130525,7.175452709197998
vae-20,25,0.01,9,0.01684041761247239,9.237589836120605
vae-20,25,0.1,0,0.01335914799795525,3.3395156860351562
vae-20,25,0.1,1,0.05670954877639337,3.471020460128784
vae-20,25,0.1,2,0.017036946907962938,3.328305244445801
vae-20,25,0.1,3,0.028587753311607726,3.4860739707946777
vae-20,25,0.1,4,0.14677761504793502,4.346289157867432
vae-20,25,0.1,5,0.024187289534279267,3.917523145675659
vae-20,25,0.1,6,0.0089651642374333,3.0132763385772705
vae-20,25,0.1,7,0.03636182716266961,2.7184019088745117
vae-20,25,0.1,8,0.018827721186131824,3.8392386436462402
vae-20,25,0.1,9,0.021311336407840824,3.7615127563476562
vae-20,25,1.0,0,0.019328670209709863,2.5176732540130615
vae-20,25,1.0,1,0.04683718871470583,1.9240596294403076
vae-20,25,1.0,2,0.020607008458441614,2.548011541366577
vae-20,25,1.0,3,0.0136232208685951,2.300403356552124
vae-20,25,1.0,4,0.1352476817400013,2.9233238697052
vae-20,25,1.0,5,0.022913710978362593,3.2428112030029297
vae-20,25,1.0,6,0.01131097237486205,2.3667163848876953
vae-20,25,1.0,7,0.03904568169241495,1.8557380437850952
vae-20,25,1.0,8,0.01604864630351196,2.656428575515747
vae-20,25,1.0,9,0.017175287096349762,2.257298707962036
vae-30,25,0.0,0,0.018142652191397275,11.655487060546875
vae-30,25,0.0,1,0.022298520041964157,14.129046440124512
vae-30,25,0.0,2,0.00891840001926468,11.864591598510742
vae-30,25,0.0,3,0.004759996026803818,10.655783653259277
vae-30,25,0.0,4,0.05340951256728906,12.609171867370605
vae-30,25,0.0,5,0.022545393145565817,11.836750030517578
vae-30,25,0.0,6,0.03407458133296089,13.292917251586914
vae-30,25,0.0,7,0.0017003830981409868,8.374942779541016
vae-30,25,0.0,8,0.05573868776590575,14.703296661376953
vae-30,25,0.0,9,0.014862444738603414,13.093274116516113
vae-30,25,0.01,0,0.015213227193544737,6.721567153930664
vae-30,25,0.01,1,0.02013705082265066,7.738068580627441
vae-30,25,0.01,2,0.008880023936330311,7.408710956573486
vae-30,25,0.01,3,0.005025785358753743,5.944162368774414
vae-30,25,0.01,4,0.054689715215908596,10.255653381347656
vae-30,25,0.01,5,0.05120176148246494,13.603636741638184
vae-30,25,0.01,6,0.03412892577795124,8.881345748901367
vae-30,25,0.01,7,0.002028178063551912,3.8065834045410156
vae-30,25,0.01,8,0.05514775511547765,12.05133056640625
vae-30,25,0.01,9,0.01899367367871028,6.164721965789795
vae-30,25,0.1,0,0.011283617665864762,3.8375332355499268
vae-30,25,0.1,1,0.023238901978886423,2.9772183895111084
vae-30,25,0.1,2,0.009140080496720365,3.6584348678588867
vae-30,25,0.1,3,0.004962540227719975,3.544543504714966
vae-30,25,0.1,4,0.061167140181644174,5.538313865661621
vae-30,25,0.1,5,0.020891129653453605,3.5909831523895264
vae-30,25,0.1,6,0.04848816085941617,4.273451328277588
vae-30,25,0.1,7,0.0023529197495778583,2.828298807144165
vae-30,25,0.1,8,0.02930973927570994,4.720516681671143
vae-30,25,0.1,9,0.014580924443951346,3.873473644256592
vae-30,25,1.0,0,0.02068735746563322,2.9098434448242188
vae-30,25,1.0,1,0.031238108521654203,2.104219436645508
vae-30,25,1.0,2,0.014609753076059384,2.5487759113311768
vae-30,25,1.0,3,0.010316976862153996,2.0564706325531006
vae-30,25,1.0,4,0.01820450890723912,3.430602550506592
vae-30,25,1.0,5,0.03077619542698571,2.8611204624176025
vae-30,25,1.0,6,0.010986858415434304,1.9942556619644165
vae-30,25,1.0,7,0.004135049526344448,2.101633310317993
vae-30,25,1.0,8,0.017872026951968673,3.218946695327759
vae-30,25,1.0,9,0.01763969887820061,2.3806228637695312
fcvae-20,25,0.0,0,0.013413359170896116,8.253365516662598
fcvae-20,25,0.0,1,0.04906099650334219,8.62197208404541
fcvae-20,25,0.0,2,0.03490063514961713,10.616917610168457
fcvae-20,25,0.0,3,0.04273146684171755,8.705915451049805
fcvae-20,25,0.0,4,0.07417299220341095,8.015068054199219
fcvae-20,25,0.0,5,0.0484148466628192,10.149483680725098
fcvae-20,25,0.0,6,0.009825609489731492,6.133761405944824
fcvae-20,25,0.0,7,0.0015198693974206188,6.262326240539551
fcvae-20,25,0.0,8,0.0225624615820542,8.753911972045898
fcvae-20,25,0.0,9,0.03887876636906593,12.934694290161133
fcvae-20,25,0.01,0,0.011567726287338488,6.325611591339111
fcvae-20,25,0.01,1,0.04771633625142953,7.904665470123291
fcvae-20,25,0.01,2,0.022438255888943395,7.780138969421387
fcvae-20,25,0.01,3,0.04113902451044501,7.620293617248535
fcvae-20,25,0.01,4,0.07338250013928715,7.72798490524292
fcvae-20,25,0.01,5,0.04655320361791959,9.314262390136719
fcvae-20,25,0.01,6,0.008983438928987987,4.834752559661865
fcvae-20,25,0.01,7,0.0015860921927308657,5.233790874481201
fcvae-20,25,0.01,8,0.016170580532206727,7.638307094573975
fcvae-20,25,0.01,9,0.024478592169724717,7.452575206756592
fcvae-20,25,0.1,0,0.012183688260222699,3.6700549125671387
fcvae-20,25,0.1,1,0.022301796198907892,3.7607061862945557
fcvae-20,25,0.1,2,0.04231070119539132,6.01254415512085
fcvae-20,25,0.1,3,0.012004621236781522,3.7805287837982178
fcvae-20,25,0.1,4,0.08041954458951053,6.285099029541016
fcvae-20,25,0.1,5,0.07265860278587322,5.951218605041504
fcvae-20,25,0.1,6,0.009908740571993327,3.349884510040283
fcvae-20,25,0.1,7,0.0011724635685928643,3.308894157409668
fcvae-20,25,0.1,8,0.018554713916491317,5.534968376159668
fcvae-20,25,0.1,9,0.019071749341754964,5.243180274963379
fcvae-20,25,1.0,0,0.01601573900969397,2.467897653579712
fcvae-20,25,1.0,1,0.039202339449891654,1.7363383769989014
fcvae-20,25,1.0,2,0.012277290809912317,2.306025505065918
fcvae-20,25,1.0,3,0.0186396782732144,1.70572030544281
fcvae-20,25,1.0,4,0.07896911980878402,3.8609347343444824
fcvae-20,25,1.0,5,0.029325299500077274,3.057602882385254
fcvae-20,25,1.0,6,0.018868756953596202,2.1300642490386963
fcvae-20,25,1.0,7,0.007577286394020296,1.9843745231628418
fcvae-20,25,1.0,8,0.018906987708900147,3.1870639324188232
fcvae-20,25,1.0,9,0.013265508058326082,1.8552346229553223
vae-20,50,0.0,0,0.010108340629472088,8.998453140258789
vae-20,50,0.0,1,0.012046884058820567,14.00633716583252
vae-20,50,0.0,2,0.008699532068652512,9.699910163879395
vae-20,50,0.0,3,0.007378779235989068,7.029492378234863
vae-20,50,0.0,4,0.028250649968480552,8.316162109375
vae-20,50,0.0,5,0.028491388090621284,13.811004638671875
vae-20,50,0.0,6,0.009314933087501419,10.027873992919922
vae-20,50,0.0,7,0.0016213963710890087,8.855313301086426
vae-20,50,0.0,8,0.012961540992144438,5.345869064331055
vae-20,50,0.0,9,0.009754653473487645,8.950531005859375
vae-20,50,0.01,0,0.010276964215467924,6.4094319343566895
vae-20,50,0.01,1,0.01166056122211022,10.093465805053711
vae-20,50,0.01,2,0.00847568228376369,6.422671794891357
vae-20,50,0.01,3,0.007792988977470675,4.966007709503174
vae-20,50,0.01,4,0.02727324736354594,6.037510871887207
vae-20,50,0.01,5,0.018419626159849514,10.466534614562988
vae-20,50,0.01,6,0.008027537123366409,5.777527809143066
vae-20,50,0.01,7,0.001505214953303542,5.101799488067627
vae-20,50,0.01,8,0.01293750720290383,4.860825538635254
vae-20,50,0.01,9,0.009473502038790736,5.80844783782959
vae-20,50,0.1,0,0.01078698332593869,3.2268049716949463
vae-20,50,0.1,1,0.013146358278762128,3.868990182876587
vae-20,50,0.1,2,0.008836516421370079,2.850513219833374
vae-20,50,0.1,3,0.008511182314646717,2.7542147636413574
vae-20,50,0.1,4,0.038119814748714884,3.5297369956970215
vae-20,50,0.1,5,0.020362830890099128,4.25070858001709
vae-20,50,0.1,6,0.00720592654588456,2.943237781524658
vae-20,50,0.1,7,0.001398929923512135,2.995049238204956
vae-20,50,0.1,8,0.012775639530203529,3.1738181114196777
vae-20,50,0.1,9,0.00938680325061379,3.2944648265838623
vae-20,50,1.0,0,0.012909246806852865,2.5594162940979004
vae-20,50,1.0,1,0.013069264245942598,3.075029134750366
vae-20,50,1.0,2,0.00987667532137571,2.3418400287628174
vae-20,50,1.0,3,0.007668450969825169,2.3313779830932617
vae-20,50,1.0,4,0.040920574113263566,2.728801727294922
vae-20,50,1.0,5,0.03179819866023404,2.9743828773498535
vae-20,50,1.0,6,0.008889652293394756,2.25596022605896
vae-20,50,1.0,7,0.0027635427746415314,2.284680128097534
vae-20,50,1.0,8,0.01322931145051176,2.3160693645477295
vae-20,50,1.0,9,0.011010556189245168,2.2499070167541504
vae-30,50,0.0,0,0.008435125681874886,14.408323287963867
vae-30,50,0.0,1,0.013272717904291851,12.82620620727539
vae-30,50,0.0,2,0.007923285842157611,12.298447608947754
vae-30,50,0.0,3,0.0027283261557265294,12.625089645385742
vae-30,50,0.0,4,0.014630862007157925,16.90017318725586
vae-30,50,0.0,5,0.08291165165415285,18.11041831970215
vae-30,50,0.0,6,0.006756574334342436,13.939970970153809
vae-30,50,0.0,7,0.0008214493185134689,9.865410804748535
vae-30,50,0.0,8,0.007855976531939122,15.147040367126465
vae-30,50,0.0,9,0.0077368859598136615,10.084080696105957
vae-30,50,0.01,0,0.00814406366108258,8.65731143951416
vae-30,50,0.01,1,0.011048739526764212,7.470362186431885
vae-30,50,0.01,2,0.006936075933901439,6.528315544128418
vae-30,50,0.01,3,0.003355973751340382,6.626969814300537
vae-30,50,0.01,4,0.01771787218038982,10.715670585632324
vae-30,50,0.01,5,0.08567348881221153,14.679594993591309
vae-30,50,0.01,6,0.007613939860144855,6.614158630371094
vae-30,50,0.01,7,0.001084739477965459,3.959573745727539
vae-30,50,0.01,8,0.009286948308821317,9.79451847076416
vae-30,50,0.01,9,0.008205165266682697,5.9149885177612305
vae-30,50,0.1,0,0.008950124503077363,3.959408760070801
vae-30,50,0.1,1,0.010625802423074274,3.5705015659332275
vae-30,50,0.1,2,0.006762075756543551,3.5382308959960938
vae-30,50,0.1,3,0.004178793394947468,3.1986303329467773
vae-30,50,0.1,4,0.028176923752270305,4.514037132263184
vae-30,50,0.1,5,0.08669346301315231,5.133786678314209
vae-30,50,0.1,6,0.009589603672904576,2.6037545204162598
vae-30,50,0.1,7,0.0011890349066354053,2.829237461090088
vae-30,50,0.1,8,0.01204213925528983,4.774275779724121
vae-30,50,0.1,9,0.008962932121190252,3.9955995082855225
vae-30,50,1.0,0,0.013049384468654347,2.887518882751465
vae-30,50,1.0,1,0.012904409359627394,2.7687549591064453
vae-30,50,1.0,2,0.010274918796994693,2.3138396739959717
vae-30,50,1.0,3,0.008884914117842814,2.0986573696136475
vae-30,50,1.0,4,0.017019316319227193,3.088927745819092
vae-30,50,1.0,5,0.025852029794745802,3.3789560794830322
vae-30,50,1.0,6,0.010953997646854837,2.002084493637085
vae-30,50,1.0,7,0.0023721974712339207,2.2014830112457275
vae-30,50,1.0,8,0.02210423946977103,2.458073616027832
vae-30,50,1.0,9,0.014060994454226424,2.1645023822784424
fcvae-20,50,0.0,0,0.010861130725875549,5.528279781341553
fcvae-20,50,0.0,1,0.010340176922123596,7.122465133666992
fcvae-20,50,0.0,2,0.006649325097301416,6.890396595001221
fcvae-20,50,0.0,3,0.004382942974625942,6.239408016204834
fcvae-20,50,0.0,4,0.021546971917094218,9.483663558959961
fcvae-20,50,0.0,5,0.0319055842101906,13.85308837890625
fcvae-20,50,0.0,6,0.009407011740022226,6.755995273590088
fcvae-20,50,0.0,7,0.0007411644339587237,6.117696762084961
fcvae-20,50,0.0,8,0.008744641462242075,8.53823184967041
fcvae-20,50,0.0,9,0.008858077062748309,8.631948471069336
fcvae-20,50,0.01,0,0.010739464362174989,5.06384801864624
fcvae-20,50,0.01,1,0.010208607841672672,5.85054349899292
fcvae-20,50,0.01,2,0.006853414068032783,6.235919952392578
fcvae-20,50,0.01,3,0.00398245626060183,5.570355415344238
fcvae-20,50,0.01,4,0.019141999937043713,6.884881973266602
fcvae-20,50,0.01,5,0.031705545027426424,11.68472957611084
fcvae-20,50,0.01,6,0.009510251666318472,5.819760322570801
fcvae-20,50,0.01,7,0.000855108498193974,4.980221748352051
fcvae-20,50,0.01,8,0.008470207447602221,7.957586288452148
fcvae-20,50,0.01,9,0.008045235794023477,7.458574295043945
fcvae-20,50,0.1,0,0.01029676101559823,3.7738237380981445
fcvae-20,50,0.1,1,0.012090123505561861,4.028763771057129
fcvae-20,50,0.1,2,0.006596628581761994,3.853835105895996
fcvae-20,50,0.1,3,0.0041371720080618036,4.279207706451416
fcvae-20,50,0.1,4,0.015182461519959995,5.0989789962768555
fcvae-20,50,0.1,5,0.034804345655275355,6.447595119476318
fcvae-20,50,0.1,6,0.009396560768172878,4.076025009155273
fcvae-20,50,0.1,7,0.0014321648728487044,2.9110634326934814
fcvae-20,50,0.1,8,0.006325949636273928,5.663521766662598
fcvae-20,50,0.1,9,0.009941422749911518,4.441500186920166
fcvae-20,50,1.0,0,0.011498401414536712,2.692768096923828
fcvae-20,50,1.0,1,0.01450745419229648,3.2202534675598145
fcvae-20,50,1.0,2,0.010893294249733246,2.3927788734436035
fcvae-20,50,1.0,3,0.009647825723798235,2.076700210571289
fcvae-20,50,1.0,4,0.022287127611248,3.3327383995056152
fcvae-20,50,1.0,5,0.03134494008431423,2.9127650260925293
fcvae-20,50,1.0,6,0.012457830220230214,2.4439005851745605
fcvae-20,50,1.0,7,0.0035353522061747898,2.180511951446533
fcvae-20,50,1.0,8,0.023647804238248627,2.348839044570923
fcvae-20,50,1.0,9,0.010601270496681178,1.9560391902923584
vae-20,75,0.0,0,0.009250442802087267,9.206761360168457
vae-20,75,0.0,1,0.009398354835223275,12.577740669250488
vae-20,75,0.0,2,0.008040006085330094,8.131209373474121
vae-20,75,0.0,3,0.006281123165772999,10.407095909118652
vae-20,75,0.0,4,0.018998267033695733,13.56886100769043
vae-20,75,0.0,5,0.015838297431733095,11.503607749938965
vae-20,75,0.0,6,0.006284728171137531,7.226180553436279
vae-20,75,0.0,7,0.0009287513351603975,6.41357946395874
vae-20,75,0.0,8,0.011532552911742882,8.268289566040039
vae-20,75,0.0,9,0.0081858494738676,8.54412841796875
vae-20,75,0.01,0,0.009623381465206568,6.382136344909668
vae-20,75,0.01,1,0.010361604438787368,9.248823165893555
vae-20,75,0.01,2,0.008036194471685026,4.939159870147705
vae-20,75,0.01,3,0.006461944998327366,5.744140148162842
vae-20,75,0.01,4,0.017815703225475956,10.990123748779297
vae-20,75,0.01,5,0.016522232539926244,9.490630149841309
vae-20,75,0.01,6,0.0063962748373324165,4.5358967781066895
vae-20,75,0.01,7,0.0009989768474755738,4.561387538909912
vae-20,75,0.01,8,0.011450494304686445,6.436367034912109
vae-20,75,0.01,9,0.008196635396876853,5.893964767456055
vae-20,75,0.1,0,0.00995058996425065,3.0905065536499023
vae-20,75,0.1,1,0.015577391591832962,3.365124464035034
vae-20,75,0.1,2,0.008078637700239253,2.7287771701812744
vae-20,75,0.1,3,0.00711792500209815,2.7111332416534424
vae-20,75,0.1,4,0.021669826950790654,4.029797554016113
vae-20,75,0.1,5,0.020213478291606208,4.2327752113342285
vae-20,75,0.1,6,0.006686723954375759,2.7793731689453125
vae-20,75,0.1,7,0.0012453695447341598,3.5534169673919678
vae-20,75,0.1,8,0.01191935917809715,2.8697173595428467
vae-20,75,0.1,9,0.008774225009913528,2.944434881210327
vae-20,75,1.0,0,0.012266344607214477,2.57521653175354
vae-20,75,1.0,1,0.015692536612495013,2.822787284851074
vae-20,75,1.0,2,0.011893489537853378,2.1618075370788574
vae-20,75,1.0,3,0.00909987793448403,2.0522117614746094
vae-20,75,1.0,4,0.02722492353340396,2.736102819442749
vae-20,75,1.0,5,0.024061875983239098,3.1441307067871094
vae-20,75,1.0,6,0.007400140878215663,2.378051519393921
vae-20,75,1.0,7,0.0022935606896803316,2.3987185955047607
vae-20,75,1.0,8,0.01267547850069366,2.305569887161255
vae-20,75,1.0,9,0.011078013227760933,2.028024435043335
vae-30,75,0.0,0,0.008375940718874316,11.097400665283203
vae-30,75,0.0,1,0.009040913298824706,11.9544095993042
vae-30,75,0.0,2,0.005790204846808789,11.26367473602295
vae-30,75,0.0,3,0.0027452787186226183,11.538883209228516
vae-30,75,0.0,4,0.015236918075738385,15.591962814331055
vae-30,75,0.0,5,0.017168615285615904,14.741814613342285
vae-30,75,0.0,6,0.005101987560681441,11.488251686096191
vae-30,75,0.0,7,0.0009551566454115477,10.878540992736816
vae-30,75,0.0,8,0.005842076872347401,19.112091064453125
vae-30,75,0.0,9,0.005582000317126759,17.489168167114258
vae-30,75,0.01,0,0.007320656582115251,7.323841094970703
vae-30,75,0.01,1,0.008855188331644202,7.432971477508545
vae-30,75,0.01,2,0.006443930219534716,6.256103992462158
vae-30,75,0.01,3,0.003239066259010984,5.87766695022583
vae-30,75,0.01,4,0.015378786577049934,10.615983009338379
vae-30,75,0.01,5,0.020088654866073776,8.116837501525879
vae-30,75,0.01,6,0.006200803543709937,6.825079917907715
vae-30,75,0.01,7,0.001124263685267226,4.992278575897217
vae-30,75,0.01,8,0.006839529726294521,12.90602970123291
vae-30,75,0.01,9,0.006853781626526913,7.775514125823975
vae-30,75,0.1,0,0.007761701736244978,3.849851369857788
vae-30,75,0.1,1,0.010770278389221542,3.7764570713043213
vae-30,75,0.1,2,0.007161635296943406,3.1784610748291016
vae-30,75,0.1,3,0.004163885732328781,3.1328916549682617
vae-30,75,0.1,4,0.01692478729566238,4.156300067901611
vae-30,75,0.1,5,0.021683463333599336,4.455503463745117
vae-30,75,0.1,6,0.006968324812420679,2.6409621238708496
vae-30,75,0.1,7,0.0011358983597307517,2.935822010040283
vae-30,75,0.1,8,0.010334731277460745,4.815306186676025
vae-30,75,0.1,9,0.007297332934798933,3.632662773132324
vae-30,75,1.0,0,0.011273438502542543,3.013563871383667
vae-30,75,1.0,1,0.014423595909874593,2.432805299758911
vae-30,75,1.0,2,0.011697597485099225,2.3085057735443115
vae-30,75,1.0,3,0.009200334570061397,2.034044027328491
vae-30,75,1.0,4,0.016198853432124613,3.161750078201294
vae-30,75,1.0,5,0.025028532704240432,3.517336845397949
vae-30,75,1.0,6,0.007701362681840559,2.10286808013916
vae-30,75,1.0,7,0.0027123528661248085,2.1659231185913086
vae-30,75,1.0,8,0.013732673610542225,3.1092803478240967
vae-30,75,1.0,9,0.010082768599433144,2.2393829822540283
fcvae-20,75,0.0,0,0.006124703423725161,5.293872833251953
fcvae-20,75,0.0,1,0.010511871374623389,8.50308895111084
fcvae-20,75,0.0,2,0.0056519839825710004,6.718814373016357
fcvae-20,75,0.0,3,0.0041485955043329545,6.034295082092285
fcvae-20,75,0.0,4,0.016777177977835574,7.516988754272461
fcvae-20,75,0.0,5,0.0172116066212017,7.23294734954834
fcvae-20,75,0.0,6,0.004512903582022857,8.804441452026367
fcvae-20,75,0.0,7,0.0008048673547120342,6.65972900390625
fcvae-20,75,0.0,8,0.006276674460851394,10.579086303710938
fcvae-20,75,0.0,9,0.007741615588995605,7.714336395263672
fcvae-20,75,0.01,0,0.006105188984259225,4.96828031539917
fcvae-20,75,0.01,1,0.00958654021582238,6.74442195892334
fcvae-20,75,0.01,2,0.0056742661722392245,5.4413743019104
fcvae-20,75,0.01,3,0.004057551845942871,5.524354934692383
fcvae-20,75,0.01,4,0.01673738558605268,5.438466548919678
fcvae-20,75,0.01,5,0.01752561923348673,5.92031717300415
fcvae-20,75,0.01,6,0.004622174629726904,6.82659387588501
fcvae-20,75,0.01,7,0.0008823424361403754,4.83280086517334
fcvae-20,75,0.01,8,0.005880088793027334,8.454998016357422
fcvae-20,75,0.01,9,0.008222022126895866,6.868896961212158
fcvae-20,75,0.1,0,0.006493854497063935,3.880838394165039
fcvae-20,75,0.1,1,0.00808636147207522,4.938986301422119
fcvae-20,75,0.1,2,0.006095460462435088,4.115474700927734
fcvae-20,75,0.1,3,0.004873276618855481,3.637824058532715
fcvae-20,75,0.1,4,0.01498771000604188,4.507907390594482
fcvae-20,75,0.1,5,0.018080838875288066,4.460238933563232
fcvae-20,75,0.1,6,0.0048037954450002515,4.599138259887695
fcvae-20,75,0.1,7,0.0013623955175955133,3.0507068634033203
fcvae-20,75,0.1,8,0.006318793200314576,5.539395809173584
fcvae-20,75,0.1,9,0.008201069329409833,3.9135735034942627
fcvae-20,75,1.0,0,0.009790397081150258,2.690861940383911
fcvae-20,75,1.0,1,0.013750940328235907,3.063211441040039
fcvae-20,75,1.0,2,0.010871448480339435,2.5532803535461426
fcvae-20,75,1.0,3,0.012376334510955182,1.6314914226531982
fcvae-20,75,1.0,4,0.018294190765120885,3.3786392211914062
fcvae-20,75,1.0,5,0.021283852095226912,3.154005765914917
fcvae-20,75,1.0,6,0.00971070846675923,2.566749334335327
fcvae-20,75,1.0,7,0.004082006413657161,2.124030828475952
fcvae-20,75,1.0,8,0.015174119189239995,3.050144672393799
fcvae-20,75,1.0,9,0.010420797779916545,1.853173017501831
vae-20,100,0.0,0,0.008306674492169522,9.994407653808594
vae-20,100,0.0,1,0.009980748648109376,9.935453414916992
vae-20,100,0.0,2,0.007697135827454037,9.113494873046875
vae-20,100,0.0,3,0.006587564968687004,8.998905181884766
vae-20,100,0.0,4,0.018961273589420277,9.690767288208008
vae-20,100,0.0,5,0.01575768507102261,11.33080005645752
vae-20,100,0.0,6,0.006989187033360822,8.508270263671875
vae-20,100,0.0,7,0.0010628688316327106,7.883261203765869
vae-20,100,0.0,8,0.011488956312155364,9.464261054992676
vae-20,100,0.0,9,0.006367193751198566,13.0720853805542
vae-20,100,0.01,0,0.008366473830259177,6.750502586364746
vae-20,100,0.01,1,0.0100975635167039,6.340676307678223
vae-20,100,0.01,2,0.007880380002715383,5.1781511306762695
vae-20,100,0.01,3,0.006793666672572277,5.5139479637146
vae-20,100,0.01,4,0.01958777157456965,7.65256404876709
vae-20,100,0.01,5,0.015535470884982758,9.06645393371582
vae-20,100,0.01,6,0.006474788197621725,5.296616554260254
vae-20,100,0.01,7,0.0010227559841344011,4.42780065536499
vae-20,100,0.01,8,0.011573036942752926,7.676287651062012
vae-20,100,0.01,9,0.007182457634814077,5.369652271270752
vae-20,100,0.1,0,0.009117218978865126,3.2568209171295166
vae-20,100,0.1,1,0.011670436706335698,3.103914499282837
vae-20,100,0.1,2,0.008179145445742348,2.7331535816192627
vae-20,100,0.1,3,0.007555375440936495,2.589095115661621
vae-20,100,0.1,4,0.021246290701693288,3.9725334644317627
vae-20,100,0.1,5,0.0198591994836946,3.712606430053711
vae-20,100,0.1,6,0.006687368937072517,2.91766357421875
vae-20,100,0.1,7,0.0012724150333528281,3.0233471393585205
vae-20,100,0.1,8,0.012215282821758357,2.8257317543029785
vae-20,100,0.1,9,0.007746524980157338,3.3223164081573486
vae-20,100,1.0,0,0.010504433380186442,2.6781294345855713
vae-20,100,1.0,1,0.014040624134332234,2.5695557594299316
vae-20,100,1.0,2,0.010887269546090785,2.1696510314941406
vae-20,100,1.0,3,0.00884305278448532,2.105792999267578
vae-20,100,1.0,4,0.02282284825435761,2.996005058288574
vae-20,100,1.0,5,0.023857644100169592,2.875711441040039
vae-20,100,1.0,6,0.007499400503445011,2.3333122730255127
vae-20,100,1.0,7,0.0024068614353297746,2.353113889694214
vae-20,100,1.0,8,0.013278305049703325,2.236323595046997
vae-20,100,1.0,9,0.009320282119818573,2.218860387802124
vae-30,100,0.0,0,0.005811336207541175,13.103841781616211
vae-30,100,0.0,1,0.007428799213846398,10.801888465881348
vae-30,100,0.0,2,0.0061185949256967066,9.710979461669922
vae-30,100,0.0,3,0.0028254059772811427,11.820514678955078
vae-30,100,0.0,4,0.013153528584741848,11.986441612243652
vae-30,100,0.0,5,0.012651902678094386,14.811100006103516
vae-30,100,0.0,6,0.005672621375801095,14.67712688446045
vae-30,100,0.0,7,0.0007905123006903181,9.518006324768066
vae-30,100,0.0,8,0.008101193642594007,18.300357818603516
vae-30,100,0.0,9,0.005704529643092899,11.784134864807129
vae-30,100,0.01,0,0.0059526453896024505,7.289311408996582
vae-30,100,0.01,1,0.0074547993677515564,7.147756576538086
vae-30,100,0.01,2,0.005907175946434903,6.1131768226623535
vae-30,100,0.01,3,0.003316377690349965,6.536229610443115
vae-30,100,0.01,4,0.013808003545629265,7.817461967468262
vae-30,100,0.01,5,0.013059956739287592,7.822242259979248
vae-30,100,0.01,6,0.005781522594889333,9.252223014831543
vae-30,100,0.01,7,0.0010311742307699968,4.056685924530029
vae-30,100,0.01,8,0.00866795076729767,11.210803031921387
vae-30,100,0.01,9,0.005873940387055509,5.686706066131592
vae-30,100,0.1,0,0.006648121243581656,4.0671844482421875
vae-30,100,0.1,1,0.008589322341593203,3.4807686805725098
vae-30,100,0.1,2,0.006317577586403775,3.3042690753936768
vae-30,100,0.1,3,0.00390009560512594,3.418034076690674
vae-30,100,0.1,4,0.014663718251604122,3.700479745864868
vae-30,100,0.1,5,0.014260627040136366,4.3233466148376465
vae-30,100,0.1,6,0.006841618072597585,3.730607509613037
vae-30,100,0.1,7,0.0011862048574864754,2.8433773517608643
vae-30,100,0.1,8,0.01054978076708031,4.947268962860107
vae-30,100,0.1,9,0.006685090276269908,3.4165902137756348
vae-30,100,1.0,0,0.010327535784574593,3.0371062755584717
vae-30,100,1.0,1,0.014568912910867777,2.366720676422119
vae-30,100,1.0,2,0.011476371659306471,2.1468920707702637
vae-30,100,1.0,3,0.0065938552025796675,2.237260103225708
vae-30,100,1.0,4,0.01571339776431331,3.057227373123169
vae-30,100,1.0,5,0.02057127129346227,3.3958070278167725
vae-30,100,1.0,6,0.008136359263412683,2.074660539627075
vae-30,100,1.0,7,0.0025249403874437796,2.1947178840637207
vae-30,100,1.0,8,0.016147446640904325,2.867678165435791
vae-30,100,1.0,9,0.009266089819493482,2.227802276611328
fcvae-20,100,0.0,0,0.006701552785125116,6.815298080444336
fcvae-20,100,0.0,1,0.008281331701005385,7.161282062530518
fcvae-20,100,0.0,2,0.004791472638694023,6.668947696685791
fcvae-20,100,0.0,3,0.0038483701358761765,5.850342750549316
fcvae-20,100,0.0,4,0.014680913987624226,7.020395755767822
fcvae-20,100,0.0,5,0.014065892815140459,6.2217698097229
fcvae-20,100,0.0,6,0.004692365002151089,7.476616859436035
fcvae-20,100,0.0,7,0.0007586510325492337,7.56607723236084
fcvae-20,100,0.0,8,0.005753098250681848,8.630020141601562
fcvae-20,100,0.0,9,0.005835338235919219,7.197595119476318
fcvae-20,100,0.01,0,0.00677892796186668,4.695833683013916
fcvae-20,100,0.01,1,0.00820771084363939,5.576385021209717
fcvae-20,100,0.01,2,0.0047900921767054985,5.731547832489014
fcvae-20,100,0.01,3,0.0038276020046623545,5.197493076324463
fcvae-20,100,0.01,4,0.013301627978143101,5.300360679626465
fcvae-20,100,0.01,5,0.014330987422726937,5.387646675109863
fcvae-20,100,0.01,6,0.0047465253800940055,6.495272159576416
fcvae-20,100,0.01,7,0.000963702933358011,4.956563949584961
fcvae-20,100,0.01,8,0.005791704803582691,7.698557376861572
fcvae-20,100,0.01,9,0.0059326577414071276,5.935712814331055
fcvae-20,100,0.1,0,0.007309961939944127,3.6088931560516357
fcvae-20,100,0.1,1,0.008815731372120883,4.066406726837158
fcvae-20,100,0.1,2,0.005764598828390018,4.158311367034912
fcvae-20,100,0.1,3,0.004403314179846048,3.762545347213745
fcvae-20,100,0.1,4,0.01301938212818553,4.853650093078613
fcvae-20,100,0.1,5,0.01574403664719211,4.204909324645996
fcvae-20,100,0.1,6,0.005149503306354648,4.629236698150635
fcvae-20,100,0.1,7,0.0013275768521887686,3.047990560531616
fcvae-20,100,0.1,8,0.007326439356156475,5.32064962387085
fcvae-20,100,0.1,9,0.007012503424083838,3.507477045059204
fcvae-20,100,1.0,0,0.012156954097246247,2.465207576751709
fcvae-20,100,1.0,1,0.016793468177448062,2.786888599395752
fcvae-20,100,1.0,2,0.011458294353436461,2.379291534423828
fcvae-20,100,1.0,3,0.009474574283248063,1.9173142910003662
fcvae-20,100,1.0,4,0.015989494661034637,3.5440657138824463
fcvae-20,100,1.0,5,0.022135467900063228,2.994077682495117
fcvae-20,100,1.0,6,0.010594815054851615,2.428288221359253
fcvae-20,100,1.0,7,0.0033085865929088775,2.222625255584717
fcvae-20,100,1.0,8,0.018272454008848343,2.8191819190979004
fcvae-20,100,1.0,9,0.008687724673253669,1.9070512056350708
vae-20,200,0.0,0,0.007480223584411241,11.599617958068848
vae-20,200,0.0,1,0.009029931824203625,7.989740371704102
vae-20,200,0.0,2,0.006998276587883089,8.36264419555664
vae-20,200,0.0,3,0.0057429985936979355,8.905327796936035
vae-20,200,0.0,4,0.016858761601601577,12.648818016052246
vae-20,200,0.0,5,0.014416154390939667,11.619305610656738
vae-20,200,0.0,6,0.006199382934272062,11.036937713623047
vae-20,200,0.0,7,0.0009440990214078779,6.1732892990112305
vae-20,200,0.0,8,0.011367239702720081,6.043773174285889
vae-20,200,0.0,9,0.005976105091629203,12.410181045532227
vae-20,200,0.01,0,0.007934740045345091,8.678361892700195
vae-20,200,0.01,1,0.009167079495033708,6.1811323165893555
vae-20,200,0.01,2,0.006983652790397821,5.6998796463012695
vae-20,200,0.01,3,0.005994529030985284,6.096282482147217
vae-20,200,0.01,4,0.015807298692137657,10.967229843139648
vae-20,200,0.01,5,0.015231967967594979,8.277482032775879
vae-20,200,0.01,6,0.006182225810513146,5.0311784744262695
vae-20,200,0.01,7,0.0009653681931272287,3.9824588298797607
vae-20,200,0.01,8,0.011463800418239481,4.451183795928955
vae-20,200,0.01,9,0.006939176466281274,5.349849700927734
vae-20,200,0.1,0,0.00947442837198284,3.1133508682250977
vae-20,200,0.1,1,0.01025316553997851,3.4515273571014404
vae-20,200,0.1,2,0.007265579410318642,2.891286849975586
vae-20,200,0.1,3,0.006729260925274918,2.915590763092041
vae-20,200,0.1,4,0.01942260923170406,4.137405872344971
vae-20,200,0.1,5,0.016990201474868984,4.271963119506836
vae-20,200,0.1,6,0.006427874060222622,2.8529129028320312
vae-20,200,0.1,7,0.0011295974890360037,3.0211117267608643
vae-20,200,0.1,8,0.011816615208238276,2.761831045150757
vae-20,200,0.1,9,0.0076506760005274205,3.152275800704956
vae-20,200,1.0,0,0.010860676080256383,2.66949462890625
vae-20,200,1.0,1,0.03875752834843231,1.7102583646774292
vae-20,200,1.0,2,0.00870196735753517,2.354905128479004
vae-20,200,1.0,3,0.007420953988935565,2.255847454071045
vae-20,200,1.0,4,0.023333241091909703,2.826155424118042
vae-20,200,1.0,5,0.02033522430709008,3.0937719345092773
vae-20,200,1.0,6,0.007220965778076151,2.3553802967071533
vae-20,200,1.0,7,0.0025375284135635352,2.316619873046875
vae-20,200,1.0,8,0.012803578975505962,2.277012825012207
vae-20,200,1.0,9,0.009444610782034311,2.177490472793579
vae-30,200,0.0,0,0.005542672240659315,11.721829414367676
vae-30,200,0.0,1,0.007186609550957784,11.999752044677734
vae-30,200,0.0,2,0.004870697712266525,12.337648391723633
vae-30,200,0.0,3,0.0026341508955439485,10.892568588256836
vae-30,200,0.0,4,0.013596224795978929,15.30856990814209
vae-30,200,0.0,5,0.011526987936420912,12.27066707611084
vae-30,200,0.0,6,0.004518401802341681,13.204986572265625
vae-30,200,0.0,7,0.0007807201519398918,9.791101455688477
vae-30,200,0.0,8,0.005972042239625341,17.676795959472656
vae-30,200,0.0,9,0.004680523031274658,13.377790451049805
vae-30,200,0.01,0,0.006022249283473277,6.596502304077148
vae-30,200,0.01,1,0.007240678390635166,6.695150852203369
vae-30,200,0.01,2,0.005000825681827651,7.366818428039551
vae-30,200,0.01,3,0.0029883428274139028,7.362048625946045
vae-30,200,0.01,4,0.013784484533219225,8.849163055419922
vae-30,200,0.01,5,0.011891623830309556,8.80473804473877
vae-30,200,0.01,6,0.005217648129975767,7.454244613647461
vae-30,200,0.01,7,0.000863603221677722,4.414493083953857
vae-30,200,0.01,8,0.007296801651453215,11.028641700744629
vae-30,200,0.01,9,0.005402078058546834,6.856590270996094
vae-30,200,0.1,0,0.007078962288932623,3.858104944229126
vae-30,200,0.1,1,0.008041920788270172,3.7243707180023193
vae-30,200,0.1,2,0.005657036074247517,3.4022345542907715
vae-30,200,0.1,3,0.003580678650525437,3.5707783699035645
vae-30,200,0.1,4,0.014823990642504163,3.6830265522003174
vae-30,200,0.1,5,0.01285779307186535,4.435262203216553
vae-30,200,0.1,6,0.006689026475610212,2.583279609680176
vae-30,200,0.1,7,0.0009604686659032808,3.160412549972534
vae-30,200,0.1,8,0.011007560541680611,4.46241569519043
vae-30,200,0.1,9,0.00644150485524887,3.4743528366088867
vae-30,200,1.0,0,0.009696919803411561,3.131199359893799
vae-30,200,1.0,1,0.012714045830250618,2.332204580307007
vae-30,200,1.0,2,0.00933756111644967,2.3293426036834717
vae-30,200,1.0,3,0.005968634021933276,2.3525872230529785
vae-30,200,1.0,4,0.015723421264980955,3.069251298904419
vae-30,200,1.0,5,0.01758627603228805,3.5389328002929688
vae-30,200,1.0,6,0.0075687449084453386,2.0435619354248047
vae-30,200,1.0,7,0.0024579629217655343,2.177899122238159
vae-30,200,1.0,8,0.01501572912202383,2.917360782623291
vae-30,200,1.0,9,0.009492926787434394,2.1185145378112793
fcvae-20,200,0.0,0,0.0055116583303171235,6.280035972595215
fcvae-20,200,0.0,1,0.006395123023241973,6.742937088012695
fcvae-20,200,0.0,2,0.0044075013872995035,9.004158973693848
fcvae-20,200,0.0,3,0.003460419689972775,6.780014991760254
fcvae-20,200,0.0,4,0.012437416545355287,8.062538146972656
fcvae-20,200,0.0,5,0.011923882189692675,9.11681079864502
fcvae-20,200,0.0,6,0.0037200759944485615,8.185188293457031
fcvae-20,200,0.0,7,0.0007707886286957566,6.366546630859375
fcvae-20,200,0.0,8,0.004771458018685882,8.915447235107422
fcvae-20,200,0.0,9,0.00464163254589438,9.281861305236816
fcvae-20,200,0.01,0,0.005632476044334906,5.5762763023376465
fcvae-20,200,0.01,1,0.006411638863953167,5.392295837402344
fcvae-20,200,0.01,2,0.004415354659617487,7.09598970413208
fcvae-20,200,0.01,3,0.003459735202655295,5.274675369262695
fcvae-20,200,0.01,4,0.012477963218553531,5.378066062927246
fcvae-20,200,0.01,5,0.012303054842019672,6.674197196960449
fcvae-20,200,0.01,6,0.0038512863582188107,6.225944995880127
fcvae-20,200,0.01,7,0.0008595742351607863,4.859902858734131
fcvae-20,200,0.01,8,0.004996239527941003,7.160644054412842
fcvae-20,200,0.01,9,0.004873177711981891,7.024155616760254
fcvae-20,200,0.1,0,0.006565366593353616,4.181183338165283
fcvae-20,200,0.1,1,0.006888615073575666,4.360902786254883
fcvae-20,200,0.1,2,0.005167059955352877,3.985783576965332
fcvae-20,200,0.1,3,0.0038363010063018773,3.8886873722076416
fcvae-20,200,0.1,4,0.012168668023074704,4.671482086181641
fcvae-20,200,0.1,5,0.013537417453056335,4.286823272705078
fcvae-20,200,0.1,6,0.004740174064160804,4.395112037658691
fcvae-20,200,0.1,7,0.0011883808144812216,3.1246073246002197
fcvae-20,200,0.1,8,0.006785373651285013,4.9862542152404785
fcvae-20,200,0.1,9,0.006549307923493028,3.1064045429229736
fcvae-20,200,1.0,0,0.00932170720189461,2.7680187225341797
fcvae-20,200,1.0,1,0.012041679675758183,2.986919403076172
fcvae-20,200,1.0,2,0.010707188660728964,2.349764585494995
fcvae-20,200,1.0,3,0.008643936244890627,2.0133442878723145
fcvae-20,200,1.0,4,0.015399804376635899,3.4926886558532715
fcvae-20,200,1.0,5,0.018652368197642686,3.122375249862671
fcvae-20,200,1.0,6,0.009931227936757978,2.408437490463257
fcvae-20,200,1.0,7,0.0032727078557129767,2.2230520248413086
fcvae-20,200,1.0,8,0.01609977071343288,2.7590560913085938
fcvae-20,200,1.0,9,0.008791036774326102,1.8510639667510986
vae-20,300,0.0,0,0.0076091736281259014,10.101456642150879
vae-20,300,0.0,1,0.008158959557043672,11.462106704711914
vae-20,300,0.0,2,0.006600308531171979,9.072592735290527
vae-20,300,0.0,3,0.005599484606615757,9.791340827941895
vae-20,300,0.0,4,0.015903688539093828,12.278285026550293
vae-20,300,0.0,5,0.013126732711216612,12.333621978759766
vae-20,300,0.0,6,0.005996196322597579,6.231091022491455
vae-20,300,0.0,7,0.0008598177735561153,6.378778457641602
vae-20,300,0.0,8,0.010657316255525342,6.401020050048828
vae-20,300,0.0,9,0.006697122731123587,10.866519927978516
vae-20,300,0.01,0,0.007999554788642373,7.467453956604004
vae-20,300,0.01,1,0.00855109081677785,7.690590858459473
vae-20,300,0.01,2,0.0068116726877735885,5.207814693450928
vae-20,300,0.01,3,0.005882782803685725,5.757562160491943
vae-20,300,0.01,4,0.01639092174743073,10.115276336669922
vae-20,300,0.01,5,0.013501760840393685,9.786169052124023
vae-20,300,0.01,6,0.006136204235375471,4.374641418457031
vae-20,300,0.01,7,0.000917525317992975,4.1660308837890625
vae-20,300,0.01,8,0.01079113437220056,5.217320919036865
vae-20,300,0.01,9,0.007129554027170172,5.022932052612305
vae-20,300,0.1,0,0.009375095748995347,3.1205506324768066
vae-20,300,0.1,1,0.010453059617361555,3.273019552230835
vae-20,300,0.1,2,0.007003507500829945,2.916574239730835
vae-20,300,0.1,3,0.006847461249958436,2.562492847442627
vae-20,300,0.1,4,0.018956702328076204,3.798234462738037
vae-20,300,0.1,5,0.01650017539756252,4.123845100402832
vae-20,300,0.1,6,0.006510231163133055,2.769110918045044
vae-20,300,0.1,7,0.0011426677111128574,2.909743547439575
vae-20,300,0.1,8,0.011359378754888022,2.7727248668670654
vae-20,300,0.1,9,0.007685113686664033,3.067075252532959
vae-20,300,1.0,0,0.011696494647740838,2.636307954788208
vae-20,300,1.0,1,0.012070566978671062,2.7001872062683105
vae-20,300,1.0,2,0.008166843138381473,2.412625312805176
vae-20,300,1.0,3,0.007871221496250167,2.1441922187805176
vae-20,300,1.0,4,0.020214279372212828,3.097184658050537
vae-20,300,1.0,5,0.018838436120222863,3.173992156982422
vae-20,300,1.0,6,0.007203319869763692,2.3546814918518066
vae-20,300,1.0,7,0.0026559868787982446,2.2897236347198486
vae-20,300,1.0,8,0.012809264352834538,2.2060630321502686
vae-20,300,1.0,9,0.009946004496196727,2.0069849491119385
vae-30,300,0.0,0,0.005266473205414619,12.695595741271973
vae-30,300,0.0,1,0.006820775132085704,12.740219116210938
vae-30,300,0.0,2,0.0050545332411253245,15.325701713562012
vae-30,300,0.0,3,0.0024978158810843986,10.966378211975098
vae-30,300,0.0,4,0.011167903863745774,17.52069664001465
vae-30,300,0.0,5,0.010034558685684248,13.033867835998535
vae-30,300,0.0,6,0.004523673052786613,12.545968055725098
vae-30,300,0.0,7,0.0006127953016750965,9.989842414855957
vae-30,300,0.0,8,0.005375675442653786,16.942949295043945
vae-30,300,0.0,9,0.004076960938958752,18.41794776916504
vae-30,300,0.01,0,0.006119340163948295,6.420210838317871
vae-30,300,0.01,1,0.007598253978406381,8.224007606506348
vae-30,300,0.01,2,0.00501221610674981,6.497544765472412
vae-30,300,0.01,3,0.0029634103540673116,6.122609615325928
vae-30,300,0.01,4,0.012514463386407576,8.921174049377441
vae-30,300,0.01,5,0.010652269145252037,8.34842586517334
vae-30,300,0.01,6,0.00522132905642026,7.274727821350098
vae-30,300,0.01,7,0.0007708367156727443,4.319296360015869
vae-30,300,0.01,8,0.0072189496273058346,10.069557189941406
vae-30,300,0.01,9,0.005469564309529803,7.03447151184082
vae-30,300,0.1,0,0.007213623372638019,3.755115270614624
vae-30,300,0.1,1,0.00816265386616934,3.511807441711426
vae-30,300,0.1,2,0.005838759721169548,3.231461763381958
vae-30,300,0.1,3,0.0035021920920866438,3.418989658355713
vae-30,300,0.1,4,0.013656627400117357,3.4994053840637207
vae-30,300,0.1,5,0.012094136843066991,4.68912935256958
vae-30,300,0.1,6,0.006624189595597574,2.543579339981079
vae-30,300,0.1,7,0.0010392830932560142,2.8122761249542236
vae-30,300,0.1,8,0.009955505301973602,4.741991996765137
vae-30,300,0.1,9,0.006163865883306031,3.527522563934326
vae-30,300,1.0,0,0.010940784709223652,3.003692626953125
vae-30,300,1.0,1,0.012453386584509,2.3584649562835693
vae-30,300,1.0,2,0.008018540213834599,2.489152669906616
vae-30,300,1.0,3,0.006518034016768315,2.216444969177246
vae-30,300,1.0,4,0.014672221945275872,3.0723321437835693
vae-30,300,1.0,5,0.016221210386035727,3.603391170501709
vae-30,300,1.0,6,0.007703273308654814,1.9856714010238647
vae-30,300,1.0,7,0.0024392644487360566,2.180386543273926
vae-30,300,1.0,8,0.015519126702672645,2.832883358001709
vae-30,300,1.0,9,0.009364770624681195,2.138671875
fcvae-20,300,0.0,0,0.005258083752333409,7.558053493499756
fcvae-20,300,0.0,1,0.006338546067034578,5.960115432739258
fcvae-20,300,0.0,2,0.004099614681450818,6.550165176391602
fcvae-20,300,0.0,3,0.003193954772310444,7.263299465179443
fcvae-20,300,0.0,4,0.012324042636573,5.024627685546875
fcvae-20,300,0.0,5,0.011306400949588768,9.270161628723145
fcvae-20,300,0.0,6,0.0038596411155247087,9.171114921569824
fcvae-20,300,0.0,7,0.0006699728898604268,5.600143909454346
fcvae-20,300,0.0,8,0.004754985989511482,9.432280540466309
fcvae-20,300,0.0,9,0.0054347155491386466,7.8140339851379395
fcvae-20,300,0.01,0,0.00560025205528081,4.859900951385498
fcvae-20,300,0.01,1,0.006340744882629594,5.405595779418945
fcvae-20,300,0.01,2,0.004128718594618486,5.842520236968994
fcvae-20,300,0.01,3,0.0032951185928011455,4.983908176422119
fcvae-20,300,0.01,4,0.012276947197209323,4.985739231109619
fcvae-20,300,0.01,5,0.011647021039747352,6.889218807220459
fcvae-20,300,0.01,6,0.0039145768952685445,6.263607501983643
fcvae-20,300,0.01,7,0.0008059364983389065,4.886965751647949
fcvae-20,300,0.01,8,0.004956079674646461,7.333620071411133
fcvae-20,300,0.01,9,0.005288885603300052,6.411399841308594
fcvae-20,300,0.1,0,0.006684728838871571,3.511390209197998
fcvae-20,300,0.1,1,0.006813352519805219,4.361271858215332
fcvae-20,300,0.1,2,0.005012152867642691,4.078281879425049
fcvae-20,300,0.1,3,0.003945472078423051,3.6718382835388184
fcvae-20,300,0.1,4,0.01219358280219521,4.506673336029053
fcvae-20,300,0.1,5,0.012162113344550505,4.817879676818848
fcvae-20,300,0.1,6,0.004909035404982239,4.265538215637207
fcvae-20,300,0.1,7,0.0012150561530566263,3.0706448554992676
fcvae-20,300,0.1,8,0.006221054776707638,5.267488479614258
fcvae-20,300,0.1,9,0.0065758200335755196,3.3192787170410156
fcvae-20,300,1.0,0,0.010390039071868492,2.57889986038208
fcvae-20,300,1.0,1,0.011814923915804779,3.028778553009033
fcvae-20,300,1.0,2,0.009271481652049674,2.5168297290802
fcvae-20,300,1.0,3,0.009100574386549327,1.8996078968048096
fcvae-20,300,1.0,4,0.01548582553666252,3.432173252105713
fcvae-20,300,1.0,5,0.0170753525748911,3.232971668243408
fcvae-20,300,1.0,6,0.010009663375873962,2.395939350128174
fcvae-20,300,1.0,7,0.0034250496608570504,2.176887273788452
fcvae-20,300,1.0,8,0.014813787252371502,2.8483071327209473
fcvae-20,300,1.0,9,0.008400340834074224,1.9379913806915283
vae-20,400,0.0,0,0.007763558505608863,9.457768440246582
vae-20,400,0.0,1,0.008263544747949762,10.219182968139648
vae-20,400,0.0,2,0.007007370245041636,7.562530994415283
vae-20,400,0.0,3,0.0056236632856031645,9.08752727508545
vae-20,400,0.0,4,0.016028513567408982,12.34752368927002
vae-20,400,0.0,5,0.013236747622100978,11.419718742370605
vae-20,400,0.0,6,0.005939451288078735,6.626382350921631
vae-20,400,0.0,7,0.0007512223840469742,6.325559616088867
vae-20,400,0.0,8,0.010565303683465541,6.601349353790283
vae-20,400,0.0,9,0.006751239912131925,7.788333415985107
vae-20,400,0.01,0,0.007961650282676008,7.464648246765137
vae-20,400,0.01,1,0.008624771727026614,7.526913642883301
vae-20,400,0.01,2,0.007088382608191006,5.253879547119141
vae-20,400,0.01,3,0.0058222437838744215,5.726093292236328
vae-20,400,0.01,4,0.01618200278200167,10.382184982299805
vae-20,400,0.01,5,0.013779322892243982,8.795548439025879
vae-20,400,0.01,6,0.0060809908306909905,4.398106575012207
vae-20,400,0.01,7,0.0008442423732520906,4.259562969207764
vae-20,400,0.01,8,0.010700009537583542,5.006524562835693
vae-20,400,0.01,9,0.006971084357043554,5.015553951263428
vae-20,400,0.1,0,0.009195163760661072,3.2456066608428955
vae-20,400,0.1,1,0.01006713266386484,3.474055528640747
vae-20,400,0.1,2,0.007214004163529645,2.802490711212158
vae-20,400,0.1,3,0.006767115327123786,2.6815385818481445
vae-20,400,0.1,4,0.0192939303935578,3.7714102268218994
vae-20,400,0.1,5,0.016570367565637855,4.103142261505127
vae-20,400,0.1,6,0.0063720550236283915,2.802163600921631
vae-20,400,0.1,7,0.0011550046748006967,2.9184536933898926
vae-20,400,0.1,8,0.01123552609056562,2.888800621032715
vae-20,400,0.1,9,0.0077184743533466075,3.215095281600952
vae-20,400,1.0,0,0.011858063980189596,2.626152992248535
vae-20,400,1.0,1,0.011750392762613221,2.7104556560516357
vae-20,400,1.0,2,0.008531177121765474,2.3916430473327637
vae-20,400,1.0,3,0.007773648378079961,2.1681032180786133
vae-20,400,1.0,4,0.021526743014949425,2.93205189704895
vae-20,400,1.0,5,0.01915460171758939,3.116107940673828
vae-20,400,1.0,6,0.007446909604081242,2.2956879138946533
vae-20,400,1.0,7,0.0023626492097215176,2.3484745025634766
vae-20,400,1.0,8,0.012105081638626558,2.351818561553955
vae-20,400,1.0,9,0.009595279018137823,2.109142303466797
vae-30,400,0.0,0,0.005083923852327916,12.66507339477539
vae-30,400,0.0,1,0.006462979714846809,10.906954765319824
vae-30,400,0.0,2,0.004533160081716277,10.890246391296387
vae-30,400,0.0,3,0.0023342514459596315,12.644980430603027
vae-30,400,0.0,4,0.011863951873827367,15.553168296813965
vae-30,400,0.0,5,0.010890919722000528,11.582847595214844
vae-30,400,0.0,6,0.004234768624044824,15.109308242797852
vae-30,400,0.0,7,0.0006680011307617928,9.048691749572754
vae-30,400,0.0,8,0.005320665299824531,16.922595977783203
vae-30,400,0.0,9,0.004541621036843044,13.289788246154785
vae-30,400,0.01,0,0.005802428623085207,7.394488334655762
vae-30,400,0.01,1,0.006786138194395101,6.670201778411865
vae-30,400,0.01,2,0.005060926893246162,6.139280796051025
vae-30,400,0.01,3,0.00287102645641022,5.639972686767578
vae-30,400,0.01,4,0.012636692917537159,9.824116706848145
vae-30,400,0.01,5,0.011083673557362424,7.552862167358398
vae-30,400,0.01,6,0.004962254387244833,8.025556564331055
vae-30,400,0.01,7,0.0008110884601263141,4.384077072143555
vae-30,400,0.01,8,0.006480119926195071,11.375126838684082
vae-30,400,0.01,9,0.005370430592998702,6.842958927154541
vae-30,400,0.1,0,0.0066166575988873075,4.007604598999023
vae-30,400,0.1,1,0.007888240173295728,3.583035469055176
vae-30,400,0.1,2,0.005839587105116947,3.316213846206665
vae-30,400,0.1,3,0.0035302333835441173,3.357658624649048
vae-30,400,0.1,4,0.014422839542731936,3.4869537353515625
vae-30,400,0.1,5,0.012323083837934885,4.522413730621338
vae-30,400,0.1,6,0.0067263504707142,2.6169495582580566
vae-30,400,0.1,7,0.0010984396035493883,2.818310260772705
vae-30,400,0.1,8,0.00979269141736486,4.594543933868408
vae-30,400,0.1,9,0.005998868740097774,3.5232818126678467
vae-30,400,1.0,0,0.009744776881396102,3.1102490425109863
vae-30,400,1.0,1,0.01166139112123991,2.535933017730713
vae-30,400,1.0,2,0.008247157958156446,2.4877796173095703
vae-30,400,1.0,3,0.006702924072675034,2.19297456741333
vae-30,400,1.0,4,0.016089496028153072,2.929992437362671
vae-30,400,1.0,5,0.01657654555411666,3.53179931640625
vae-30,400,1.0,6,0.0075524646104515114,2.0362024307250977
vae-30,400,1.0,7,0.00243623950102788,2.1782760620117188
vae-30,400,1.0,8,0.014872730099966616,2.878779411315918
vae-30,400,1.0,9,0.009109500056328644,2.1974990367889404
fcvae-20,400,0.0,0,0.005281333449539858,7.063257217407227
fcvae-20,400,0.0,1,0.006176191190126419,6.230487823486328
fcvae-20,400,0.0,2,0.0041691060559320885,6.47195291519165
fcvae-20,400,0.0,3,0.003206545550691461,7.103970050811768
fcvae-20,400,0.0,4,0.012138080417345404,9.317730903625488
fcvae-20,400,0.0,5,0.012114475135775883,9.995960235595703
fcvae-20,400,0.0,6,0.003707322196225635,10.687200546264648
fcvae-20,400,0.0,7,0.0007955331909893541,5.833583831787109
fcvae-20,400,0.0,8,0.004713343875438537,10.867568016052246
fcvae-20,400,0.0,9,0.004862875849792587,7.160661220550537
fcvae-20,400,0.01,0,0.005456394624168978,5.35054874420166
fcvae-20,400,0.01,1,0.006127984936147062,5.5240797996521
fcvae-20,400,0.01,2,0.004173413383001582,5.780148506164551
fcvae-20,400,0.01,3,0.0033152098714310622,4.907151222229004
fcvae-20,400,0.01,4,0.012365595764909846,5.099696159362793
fcvae-20,400,0.01,5,0.01246796676478737,7.365983009338379
fcvae-20,400,0.01,6,0.0039675918840999125,6.043313026428223
fcvae-20,400,0.01,7,0.0008965383417381041,4.349969387054443
fcvae-20,400,0.01,8,0.005016321554962814,7.400376319885254
fcvae-20,400,0.01,9,0.004932224026966807,6.168818473815918
fcvae-20,400,0.1,0,0.006056322193360552,3.9090490341186523
fcvae-20,400,0.1,1,0.006625958047454969,4.3401899337768555
fcvae-20,400,0.1,2,0.004901820406863267,4.209359169006348
fcvae-20,400,0.1,3,0.003911606813112061,3.708124876022339
fcvae-20,400,0.1,4,0.012775952528064486,4.070224285125732
fcvae-20,400,0.1,5,0.01268709325918578,4.719426155090332
fcvae-20,400,0.1,6,0.004780158804088486,4.26434326171875
fcvae-20,400,0.1,7,0.0011607904011964928,3.1301088333129883
fcvae-20,400,0.1,8,0.0065459487475701735,5.156991481781006
fcvae-20,400,0.1,9,0.006316148765716893,3.469991445541382
fcvae-20,400,1.0,0,0.009814931536198265,2.647942304611206
fcvae-20,400,1.0,1,0.011643112294497625,3.0378611087799072
fcvae-20,400,1.0,2,0.009028206784633784,2.548800230026245
fcvae-20,400,1.0,3,0.00847488791891109,2.01015567779541
fcvae-20,400,1.0,4,0.018038686541206658,3.1690781116485596
fcvae-20,400,1.0,5,0.017727882919931916,3.17794132232666
fcvae-20,400,1.0,6,0.010031174315391158,2.401933193206787
fcvae-20,400,1.0,7,0.003334805662202504,2.195512533187866
fcvae-20,400,1.0,8,0.014330198195550497,2.9191744327545166
fcvae-20,400,1.0,9,0.008806828725438148,1.8505632877349854
vae-20,500,0.0,0,0.0071413789865395925,11.388250350952148
vae-20,500,0.0,1,0.008560419384823312,8.836665153503418
vae-20,500,0.0,2,0.006725755583363753,8.57540512084961
vae-20,500,0.0,3,0.005595715288345467,10.413262367248535
vae-20,500,0.0,4,0.01605465263800457,11.443939208984375
vae-20,500,0.0,5,0.013644734769601107,10.978466987609863
vae-20,500,0.0,6,0.005910693664414346,7.411159515380859
vae-20,500,0.0,7,0.0008512047007627185,6.294067859649658
vae-20,500,0.0,8,0.010413214310128314,8.63087272644043
vae-20,500,0.0,9,0.006719837742198984,7.210426330566406
vae-20,500,0.01,0,0.007742682625351251,7.783637046813965
vae-20,500,0.01,1,0.00885954487678314,6.868105888366699
vae-20,500,0.01,2,0.006647635013621308,4.853803634643555
vae-20,500,0.01,3,0.005876078643753282,5.681497097015381
vae-20,500,0.01,4,0.016395454127133238,9.746963500976562
vae-20,500,0.01,5,0.013868049142130443,9.324689865112305
vae-20,500,0.01,6,0.0059376022155195485,5.144003391265869
vae-20,500,0.01,7,0.0008987072952504457,3.9428508281707764
vae-20,500,0.01,8,0.010577925819030679,5.291285037994385
vae-20,500,0.01,9,0.006982156253503377,4.733328342437744
vae-20,500,0.1,0,0.009101418093384418,3.1519434452056885
vae-20,500,0.1,1,0.010359089719245521,3.2767293453216553
vae-20,500,0.1,2,0.007033773680651953,2.7937073707580566
vae-20,500,0.1,3,0.006698322708248887,2.7342357635498047
vae-20,500,0.1,4,0.01941077228640572,3.969736337661743
vae-20,500,0.1,5,0.01669949108033154,4.052820682525635
vae-20,500,0.1,6,0.006415154693981922,2.7491629123687744
vae-20,500,0.1,7,0.0011036404955014458,2.9684951305389404
vae-20,500,0.1,8,0.011145907474572968,2.858008623123169
vae-20,500,0.1,9,0.007657072323901038,3.0746703147888184
vae-20,500,1.0,0,0.010437521608097942,2.6774814128875732
vae-20,500,1.0,1,0.012185254647080044,2.646843671798706
vae-20,500,1.0,2,0.009117851015669011,2.25166654586792
vae-20,500,1.0,3,0.0076774259020822066,2.1970374584198
vae-20,500,1.0,4,0.02206530655015437,2.851604700088501
vae-20,500,1.0,5,0.019208815756274446,3.139483690261841
vae-20,500,1.0,6,0.007736074268832639,2.247335195541382
vae-20,500,1.0,7,0.0025717715568612854,2.3024678230285645
vae-20,500,1.0,8,0.012607217232001044,2.211693525314331
vae-20,500,1.0,9,0.010221411675569227,1.9721561670303345
vae-30,500,0.0,0,0.004934962803544069,14.92282772064209
vae-30,500,0.0,1,0.006465009379015025,10.70931625366211
vae-30,500,0.0,2,0.004619170690523522,11.803549766540527
vae-30,500,0.0,3,0.002485748005845505,11.38428020477295
vae-30,500,0.0,4,0.010952132728380602,14.32878589630127
vae-30,500,0.0,5,0.01040839201298552,12.173276901245117
vae-30,500,0.0,6,0.004442470336769169,13.175091743469238
vae-30,500,0.0,7,0.000617887348633629,9.169203758239746
vae-30,500,0.0,8,0.005398255151444767,19.18695068359375
vae-30,500,0.0,9,0.004075071920207283,17.39972496032715
vae-30,500,0.01,0,0.0056227495166327815,7.945018768310547
vae-30,500,0.01,1,0.006783629158515886,7.1940836906433105
vae-30,500,0.01,2,0.004986710025794361,5.935848712921143
vae-30,500,0.01,3,0.002975712020936872,5.737484931945801
vae-30,500,0.01,4,0.012377606641506628,8.428585052490234
vae-30,500,0.01,5,0.010923548899259238,8.091910362243652
vae-30,500,0.01,6,0.005110426150911217,7.316684722900391
vae-30,500,0.01,7,0.0006995296108930687,4.218475818634033
vae-30,500,0.01,8,0.006907867388430612,11.007135391235352
vae-30,500,0.01,9,0.005152191105860483,7.160765647888184
vae-30,500,0.1,0,0.006761454216479609,3.817408561706543
vae-30,500,0.1,1,0.00790726353773829,3.6096420288085938
vae-30,500,0.1,2,0.005793777559748466,3.224740743637085
vae-30,500,0.1,3,0.0036891212549614786,3.268197774887085
vae-30,500,0.1,4,0.014064816687120474,3.3250892162323
vae-30,500,0.1,5,0.012289154411650311,4.513190269470215
vae-30,500,0.1,6,0.006421606706962206,3.253532886505127
vae-30,500,0.1,7,0.0008988171833340866,2.999561071395874
vae-30,500,0.1,8,0.010046465132200479,4.531602382659912
vae-30,500,0.1,9,0.006148599494824517,3.3840386867523193
vae-30,500,1.0,0,0.009970568325782928,3.068176031112671
vae-30,500,1.0,1,0.012695606711750624,2.3007113933563232
vae-30,500,1.0,2,0.00929676922039167,2.2882091999053955
vae-30,500,1.0,3,0.006686221261310766,2.2083935737609863
vae-30,500,1.0,4,0.01596707679866138,2.920775890350342
vae-30,500,1.0,5,0.015888971218599696,3.6114931106567383
vae-30,500,1.0,6,0.007799408041315298,1.9589897394180298
vae-30,500,1.0,7,0.002291741533005309,2.2063374519348145
vae-30,500,1.0,8,0.015869214266409824,2.7420549392700195
vae-30,500,1.0,9,0.009943148725332012,2.037797689437866
fcvae-20,500,0.0,0,0.0052280719263557585,6.5416693687438965
fcvae-20,500,0.0,1,0.006115676774630958,6.491788387298584
fcvae-20,500,0.0,2,0.00398945701667816,6.8065714836120605
fcvae-20,500,0.0,3,0.003283610932170988,8.072261810302734
fcvae-20,500,0.0,4,0.011973965230016963,5.004499912261963
fcvae-20,500,0.0,5,0.010980217097611591,10.987578392028809
fcvae-20,500,0.0,6,0.0037897065587087666,9.017450332641602
fcvae-20,500,0.0,7,0.0007035573727537335,5.721301078796387
fcvae-20,500,0.0,8,0.004739916551500229,10.112637519836426
fcvae-20,500,0.0,9,0.004772170403019862,7.40238094329834
fcvae-20,500,0.01,0,0.0054029372075296055,5.108046054840088
fcvae-20,500,0.01,1,0.006201657226525501,5.243475437164307
fcvae-20,500,0.01,2,0.004032386271092435,6.11247444152832
fcvae-20,500,0.01,3,0.003423112742291776,4.913115978240967
fcvae-20,500,0.01,4,0.011900104072501699,4.607240676879883
fcvae-20,500,0.01,5,0.01139740109195903,7.719753265380859
fcvae-20,500,0.01,6,0.0038740337712081263,6.218727111816406
fcvae-20,500,0.01,7,0.0008098043596537909,4.564648151397705
fcvae-20,500,0.01,8,0.005044305624620916,7.1186842918396
fcvae-20,500,0.01,9,0.004948081121092666,6.453458786010742
fcvae-20,500,0.1,0,0.006254467515446401,3.655226469039917
fcvae-20,500,0.1,1,0.006830219561532103,4.217119216918945
fcvae-20,500,0.1,2,0.005081875946417263,4.005249977111816
fcvae-20,500,0.1,3,0.004133953755052278,3.591381788253784
fcvae-20,500,0.1,4,0.01217311244357679,4.193111896514893
fcvae-20,500,0.1,5,0.012513151410011627,4.551384925842285
fcvae-20,500,0.1,6,0.004729350429669947,4.355695724487305
fcvae-20,500,0.1,7,0.0011880979953571263,3.0901734828948975
fcvae-20,500,0.1,8,0.006770178877394035,4.942641735076904
fcvae-20,500,0.1,9,0.006584944771454388,3.1808972358703613
fcvae-20,500,1.0,0,0.009997301168187207,2.592449903488159
fcvae-20,500,1.0,1,0.012058029700281565,2.981224298477173
fcvae-20,500,1.0,2,0.00971676735650666,2.4272801876068115
fcvae-20,500,1.0,3,0.00913544910306118,1.902008056640625
fcvae-20,500,1.0,4,0.01739512541047273,3.207603693008423
fcvae-20,500,1.0,5,0.018766278064721073,3.068676710128784
fcvae-20,500,1.0,6,0.010225234639003539,2.3497581481933594
fcvae-20,500,1.0,7,0.0031762097747690212,2.222278594970703
fcvae-20,500,1.0,8,0.015919515897055005,2.6921629905700684
fcvae-20,500,1.0,9,0.00849284558468521,1.9055118560791016
vae-20,750,0.0,0,0.007422240064213008,9.538250923156738
vae-20,750,0.0,1,0.00836495424255367,9.45080852508545
vae-20,750,0.0,2,0.006541639998523199,9.24107837677002
vae-20,750,0.0,3,0.00555514812404086,9.987682342529297
vae-20,750,0.0,4,0.015981932552793756,10.674331665039062
vae-20,750,0.0,5,0.012982632313637749,12.79928970336914
vae-20,750,0.0,6,0.005731635152660812,7.485500335693359
vae-20,750,0.0,7,0.0008580039150471355,6.201812744140625
vae-20,750,0.0,8,0.010427275844881862,6.793309211730957
vae-20,750,0.0,9,0.006184569305709295,10.736824989318848
vae-20,750,0.01,0,0.007824118377487668,7.0524773597717285
vae-20,750,0.01,1,0.008784398953303307,6.9616007804870605
vae-20,750,0.01,2,0.006541045429759862,5.298386573791504
vae-20,750,0.01,3,0.005822409635583604,5.8062920570373535
vae-20,750,0.01,4,0.016239326633804323,8.566048622131348
vae-20,750,0.01,5,0.013252042712593021,9.959088325500488
vae-20,750,0.01,6,0.005876518359366553,4.896228790283203
vae-20,750,0.01,7,0.000871456678188002,4.955015182495117
vae-20,750,0.01,8,0.010605652023480561,4.910911560058594
vae-20,750,0.01,9,0.006767303060362349,5.174105644226074
vae-20,750,0.1,0,0.00897304081626428,3.1762967109680176
vae-20,750,0.1,1,0.010252212706719928,3.273467540740967
vae-20,750,0.1,2,0.0069725646093579735,2.845414161682129
vae-20,750,0.1,3,0.006667030663627756,2.7696444988250732
vae-20,750,0.1,4,0.01835749850078825,4.032269477844238
vae-20,750,0.1,5,0.01635922133018112,4.2000322341918945
vae-20,750,0.1,6,0.0063551618752258196,2.737614393234253
vae-20,750,0.1,7,0.001065960394041963,3.1616806983947754
vae-20,750,0.1,8,0.011194437746769781,2.8111870288848877
vae-20,750,0.1,9,0.007376400790246193,3.228701591491699
vae-20,750,1.0,0,0.010175521059140073,2.713259696960449
vae-20,750,1.0,1,0.012198511271869847,2.6532657146453857
vae-20,750,1.0,2,0.008281953260118987,2.3703954219818115
vae-20,750,1.0,3,0.007333113168355647,2.2439072132110596
vae-20,750,1.0,4,0.0203682908422217,2.9953808784484863
vae-20,750,1.0,5,0.018665998548548078,3.166551351547241
vae-20,750,1.0,6,0.007530022751330982,2.283576011657715
vae-20,750,1.0,7,0.0024163102734815335,2.3318662643432617
vae-20,750,1.0,8,0.01276258907292879,2.190056800842285
vae-20,750,1.0,9,0.009807220653765445,2.040853977203369
vae-30,750,0.0,0,0.0049639943774005815,13.399776458740234
vae-30,750,0.0,1,0.006462964973557872,10.742103576660156
vae-30,750,0.0,2,0.004126100742153498,14.562045097351074
vae-30,750,0.0,3,0.0023950645115681066,11.896252632141113
vae-30,750,0.0,4,0.010744386376449639,15.211874961853027
vae-30,750,0.0,5,0.010388355674925753,12.176755905151367
vae-30,750,0.0,6,0.004238955788928459,13.689312934875488
vae-30,750,0.0,7,0.0006353473121747059,9.4603271484375
vae-30,750,0.0,8,0.005320588694795214,16.649477005004883
vae-30,750,0.0,9,0.004146982060355464,16.752775192260742
vae-30,750,0.01,0,0.005567712822730871,7.374114036560059
vae-30,750,0.01,1,0.006756337850059879,7.10735559463501
vae-30,750,0.01,2,0.004849064971076516,6.411451816558838
vae-30,750,0.01,3,0.0028341953417359953,7.377661228179932
vae-30,750,0.01,4,0.012074559394712844,8.169500350952148
vae-30,750,0.01,5,0.010634920513747368,7.960587024688721
vae-30,750,0.01,6,0.00493291371193501,7.861730575561523
vae-30,750,0.01,7,0.0007426463774550844,4.234933376312256
vae-30,750,0.01,8,0.006487832326063282,11.03615951538086
vae-30,750,0.01,9,0.005159924388066872,6.69968843460083
vae-30,750,0.1,0,0.00654807721328945,3.857988119125366
vae-30,750,0.1,1,0.007841564860472192,3.698772668838501
vae-30,750,0.1,2,0.005544618777497805,3.361823558807373
vae-30,750,0.1,3,0.0036230254294867498,3.2663280963897705
vae-30,750,0.1,4,0.013353166265346111,3.5840530395507812
vae-30,750,0.1,5,0.011807921469659656,4.6621246337890625
vae-30,750,0.1,6,0.006472932865576871,2.5214388370513916
vae-30,750,0.1,7,0.0009242271359525335,2.9471709728240967
vae-30,750,0.1,8,0.009839904510885568,4.514082431793213
vae-30,750,0.1,9,0.0059472759770580015,3.4872169494628906
vae-30,750,1.0,0,0.009297011099273186,3.130916118621826
vae-30,750,1.0,1,0.01244500546131476,2.356917381286621
vae-30,750,1.0,2,0.007917611118927132,2.4850077629089355
vae-30,750,1.0,3,0.006359366257398837,2.244628429412842
vae-30,750,1.0,4,0.01431180639589584,3.085519552230835
vae-30,750,1.0,5,0.015818801879519964,3.612412929534912
vae-30,750,1.0,6,0.007814660631060179,1.9503837823867798
vae-30,750,1.0,7,0.0022934528499275225,2.201343059539795
vae-30,750,1.0,8,0.015049280424173039,2.8437438011169434
vae-30,750,1.0,9,0.009584927410590551,2.0967023372650146
fcvae-20,750,0.0,0,0.005050620638436442,7.298404693603516
fcvae-20,750,0.0,1,0.006153944960981667,5.804922580718994
fcvae-20,750,0.0,2,0.003926172847078389,6.548080921173096
fcvae-20,750,0.0,3,0.00317020277790999,9.007634162902832
fcvae-20,750,0.0,4,0.011203322354804065,8.331343650817871
fcvae-20,750,0.0,5,0.011129414354284517,9.56155776977539
fcvae-20,750,0.0,6,0.0037893792453020233,7.288282871246338
fcvae-20,750,0.0,7,0.0007429336060461307,5.6630778312683105
fcvae-20,750,0.0,8,0.004539666426028009,9.856268882751465
fcvae-20,750,0.0,9,0.004604909711293675,7.520885944366455
fcvae-20,750,0.01,0,0.005202656612001075,5.506007671356201
fcvae-20,750,0.01,1,0.006177075020666834,5.372438907623291
fcvae-20,750,0.01,2,0.004002761092083572,5.862094402313232
fcvae-20,750,0.01,3,0.0032763839259087207,5.206240177154541
fcvae-20,750,0.01,4,0.011343913161858196,5.2590107917785645
fcvae-20,750,0.01,5,0.011710967746750187,6.545698642730713
fcvae-20,750,0.01,6,0.0038318875108338205,6.156785488128662
fcvae-20,750,0.01,7,0.0008630641907567248,4.367403030395508
fcvae-20,750,0.01,8,0.004821873032212687,7.202669620513916
fcvae-20,750,0.01,9,0.004767239732543502,6.401226043701172
fcvae-20,750,0.1,0,0.00593083231007528,3.8389627933502197
fcvae-20,750,0.1,1,0.0066911208095321376,4.319650173187256
fcvae-20,750,0.1,2,0.004884730596549394,4.115636825561523
fcvae-20,750,0.1,3,0.003814774142956708,3.7972843647003174
fcvae-20,750,0.1,4,0.0113323707945416,4.5685811042785645
fcvae-20,750,0.1,5,0.012849603885177805,4.40733003616333
fcvae-20,750,0.1,6,0.00465519733418069,4.315465927124023
fcvae-20,750,0.1,7,0.001179618955075555,3.106411933898926
fcvae-20,750,0.1,8,0.0065080238151009676,4.998748779296875
fcvae-20,750,0.1,9,0.006234545467866097,3.4828665256500244
fcvae-20,750,1.0,0,0.009255861148628463,2.6810338497161865
fcvae-20,750,1.0,1,0.012017970712648459,2.9897735118865967
fcvae-20,750,1.0,2,0.009209024989868952,2.4945006370544434
fcvae-20,750,1.0,3,0.008571469797056483,1.9891836643218994
fcvae-20,750,1.0,4,0.015028373011780201,3.425287961959839
fcvae-20,750,1.0,5,0.017842790438567124,3.168483257293701
fcvae-20,750,1.0,6,0.009867600768781256,2.393057107925415
fcvae-20,750,1.0,7,0.0034799594573966864,2.168895721435547
fcvae-20,750,1.0,8,0.01569840021064031,2.697653293609619
fcvae-20,750,1.0,9,0.008617273537479604,1.8847253322601318
